clipDocId,title,vendor,sku,houzzId,matchedBy,oldCategory,newCategory
05umcrfzCP8EKjjhMljy,Lakeview Signature,Flambeaux,,,title,,LightingBedding & Pillows
0FQe1NCPkJMFrbvBLjJH,ARIA Chair,SixPenny,,,title,,Furniture & Upholstery
0TRFQcYAypg10mBelu1j,Bouy Parchment Pendant,Elu,,,title,,LightingBedding & Pillows
0YnHrjhWldbjURenYyVP,Telal Ceiling Light,Etsy,,,title,,LightingBedding & Pillows
0jcv9p6txEyFHshAAhtj,Manhattan Signature,Flambeaux,,,title,,LightingBedding & Pillows
0mWU79dCq0zuUSManEmG,Elsinore Medium Hanging Lantern,Visual Comfort,,,title,,LightingBedding & Pillows
0wJ7165xSv4GnpyZXuY7,Fisher Sconce Single,Regina Andrews,,,title,,LightingBedding & Pillows
12A5Vh1ALtYKolK7lR0I,Vintage Lantern,Elu,,,title,,LightingBedding & Pillows
1JA9nFfnLji0P3XRx6IT,REX V.1 FLUSH,Urban Electric,,,title,,LightingBedding & Pillows
1PMknCX2cetUlx1wYFhV,Linden Rectangular Pivot Mirror,Pottery Barn,,,title,,Mirrors & Accessories
1QY6ug0s2EYXlZ5JwMx8,Broomfield Small Hanging Shade,Visual Comfort,,,title,,LightingBedding & Pillows
1QfQNnGEsedKLBbFLH4Y,THE ORIGINAL™ VENTED GOOSENECK LIGHT,Barn Electric,,,title,,LightingBedding & Pillows
1SEDFi5Vx4zzaDk8E9Sq,MAJORELLE - OCEAN,Peter Dunham,131MJR05,,sku,,Fabric  + Trim
1dKeZMdzPRxq6MZ2uhvh,Ghostwood Octagonal Dining Table,Western Heritage Furniture,,,title,,Furniture & Upholstery
23w3bJzv1wi4Kk2kL8DY,Emerson Bell Jar Pendant Small,Regina Andrews,,,title,,LightingBedding & Pillows
2BRHouGcKCWKvy4tTiML,LE3030 Fescue,Hartmann & Forbes,,,title,,Window
2LJcbZiJJtj7Jb0pPJSe,Piaf Large Tail Sconce,Visual Comfort,,,title,,LightingBedding & Pillows
2bMgnRi1p6NtSUcGmLGY,Elkins Double Sconce,Visual Comfort,,,title,,LightingBedding & Pillows
2qC3gXDShR3ILjSAIPOy,THE ORIGINAL™ STEM PENDANT LIGHT,Barn Electric,,,title,,LightingBedding & Pillows
2wHRae5AqAImAlne8odK,DEEG - GREEN ON TAN,Peter Dunham,,,title,,Fabric  + Trim
3WiOezb0qTBxyt0VNPC3,Anatolia Round 8' Rug,Safavieh, Anatolia Collection Design: AN521A ,,sku,,Floor Covering
3eY5yyvLjDVg16Dr6Y5u,BRERA VIALE THYME,Designers Guild (USA) Inc.,,,title,,Fabric  + Trim
3gE9Htbbg2Md1felHErE,Parade Stripe,Travers,44210765,,sku,,Fabric  + Trim
3zR43iLBcn1nlybVliaT,Aperture Sconce,Hubbardton Forge,Base Item #217510,,sku,,LightingBedding & Pillows
4X1D4R2odPhIu934az8O,"Carson Rod Pendant, 12"" Width",Rejuvination,,,title,,LightingBedding & Pillows
4budmBQQK0WxkpxqHgVw,ALMA - INDIGO,KRAVET,BP10821.2.0,,sku,,Fabric  + Trim
5krtiLdiUZntdVCsY7j8,RL 67 Boom Arm Wall Lamp,Circa Lighting ,,,title,,LightingBedding & Pillows
6YKjtivxMO39uvS0HNMh,Milk Glass Bath Sconce,Elu,,,title,,LightingBedding & Pillows
6Z63yoJML4iKWAqPjXsq,Double Chandelier,Elu,,,title,,LightingBedding & Pillows
6aG4kdIdUIXXBwwyBvkf,GABRIEL,SixPenny,,,title,,Furniture & Upholstery
6bsoGvPiMHQS6ZGJfMVW,Riley Large Ring Chandelier,Visual Comfort,RL 5612NB/NVY-L,,sku,,LightingBedding & Pillows
6ccVHSboTIN6MLYSGWxF,SB061-B Monterey Bureau Bookcase-Base Only,Somerset Bay,SB061-B,,sku,,Furniture
70kC6PQP3OEIBlelBdHj,JACKSON,Urban Electric,,,title,,LightingBedding & Pillows
7lrRFr7Bt8pRDzCiwXgx,Drum Pendant,Elu,,,title,,LightingBedding & Pillows
80K5wSpbHlH2AzPnmRgZ,Faro - Flax,Libeco,1139-0011,,sku,,Fabric  + Trim
8gIBdP3T8KB5TXHMRqvo,Large Cast Brass Arm and Milk Glass Wall Light,Early Electrics ,883812166543,,sku,,LightingBedding & Pillows
8vTqdvGjneGNcgcfpfCq,Custom Soapstone Kitchen Sink,Soapstone Sinks,,,title,,Appliances  & Plumbing
90XTtC5qfZhlUlu2lnjZ,Brantley Lantern,Visual Comfort,,,title,,LightingBedding & Pillows
985Sxg2aqXOD1o8KWTBR,Milk Glass Deco with Clear Crystal Cut Lens Bottom Pendents,Early Electrics ,883847524562,,sku,,LightingBedding & Pillows
9I2yr65L6fopeysWEm1G,Euphrasia Charcoal,Fabricut,,,title,,Fabric  + Trim
9h4zka0uul4MFge4lWgp,Stoneleigh Herringbone  Pebble,Folia - Ralph Lauren,,,title,,Fabric  + Trim
9v374dIUGboA3DHjTL99,Stowe Wide Frame Square Wall Mirror,Pottery Barn,,,title,,Mirrors & Accessories
AqmfwcHbHHA8sSqLJWdd,Mason Large Outdoor Ceiling Fixture,Hubbardton Forge,Base Item #363005,,sku,,LightingBedding & Pillows
AuoUiglSi40voBXQk8sD,Blue Gray Enamel Vintage Industrial Brass Clear Glass Sconces Wall Lights,1st Dibs,,,title,,LightingBedding & Pillows
AvwJoPqwQ6kKDnr2Bi1L,Henry Large Glass Shade Sconce,Hubbardton Forge,Base Item #209323,,sku,,LightingBedding & Pillows
B7WAdRw8Hh81yLSC8k5K,"32"" Soapstone sink",Soapstone Sinks,,,title,,Appliances  & Plumbing
B8U5s93j0t9BMrv0bBrq,Classic Collection Round Rug 8',Safavieh, Classic Collection Design: CL324A ,,sku,,Floor Covering
BQL2ohkCLhOvDXJuvure,"Aubrey Project Table (58"")",Pottery Barn,,,title,,Furniture & Upholstery
BadehRA3gaJnpnNKr6rA,MALLEMORT TASK SCONCE,Restoration Hardware,,,title,,LightingBedding & Pillows
C17RweaD6dqqrMn8TyC1,GABRIEL Chair,SixPenny,,,title,,Furniture & Upholstery
CsU6mK0r9lVXljEwVHqu,Dresser Long Glass Rod Light,Visual Comfort,TOB 2141HAB-FG,,sku,,LightingBedding & Pillows
CxrwOJm7Ki63I2Mmmxj6,Piatto Medium Pendant,Visual Comfort,TOB5115,,sku,,LightingBedding & Pillows
DXHJFNtmLuvoIoHC084S,Ethos Large LED Sconce,Hubbardton Forge,"$1,823.80",,sku,,LightingBedding & Pillows
DaUh2KD28tafNpFhRBtL,ARIA Corner Sectional,SixPenny,,,title,,Furniture & Upholstery
E1xSXfQCKBkbv0mLQgLv,Antilia,Zimmer & Rhodes,21280685,,sku,,Fabric  + Trim
E9rpIEXH6urCZX5qNzZu,Mason Outdoor Ceiling Fixture,Hubbardton Forge,Base Item #363003,,sku,,LightingBedding & Pillows
ECFbWopBvqka3RpqPIib,Retrofit Exposed Pipe Shower Set - Matte Black,Signature Hardware,,,title,,Appliances  & Plumbing
EI9SaUm0GDuRboMVD34L,Large Sq. Lantern,Elu,,,title,,LightingBedding & Pillows
EgZZbs0rppfpijeWtmEp,Block Leg Coffee Table made from Reclaimed Pine,1st Dibs,,,title,,Furniture & Upholstery
Erlwn8eJzWswiqUm2Vha,Jonah Alabaster Sconce,Regina Andrews,,,title,,LightingBedding & Pillows
FGNXaW0PdiauhhIOqvuk,"Cosmopolitan 30"" Picture Light",Visual Comfort,,,title,,LightingBedding & Pillows
G4wRbC7mHzKtIRMZ8Drl,Agnes Console Table made from Reclaimed Wood by Petersen Antiques,1st Dibs,,,title,,Furniture & Upholstery
G9Y90gRlm1I6gY0qBJlK,Napoli Vintage,Libeco,,,title,,Fabric  + Trim
GA1oqy7lUXq3tUKyJPEJ,Hand-Built Soapstone Sinks,M.Teixeira,,,title,,Appliances  & Plumbing
GDXKBRwl5lmckjqfHv3R,LE2257 Lapis,Hartmann & Forbes,,,title,,Window
GM6CVRB3iR0vqRIOLh1x,Double Drum Shade,Elu,,,title,,LightingBedding & Pillows
GdoxoznDtkxQllDgvdXd,DOUBLEBROOK PLAID,Designers Guild (USA) Inc.,FRL5242-03,,sku,,Fabric  + Trim
GuLNrK2mLUaakRA4HPhh,Belfair Large Double Sconce,Visual Comfort,,,title,,LightingBedding & Pillows
GySQG4K7eq96kqEasOK4,METRO,Urban Electric,,,title,,Mirrors & Accessories
H23fTVhTZd4ebvnd5ZyY,Lauren Collection Runner,Safavieh,LRL1310B Warwick,,sku,,Floor Covering
H5BuD32t2YRNaZwGW5qR,Cannes Pendant,Visual Comfort,RL 5060BZ-WG,,sku,,LightingBedding & Pillows
H67cVwPRJiYCFuRy3H7s,Robertson Single Tier Chandelier,Visual Comfort,,,title,,LightingBedding & Pillows
H8AWcjIxQDqQuws6YUnz,Monaco Collection,Safavieh,  MNC243F ,,sku,,Floor Covering
HM4pNM9uNL3vgmK7SKgE,Double sconce,Elu,,,title,,LightingBedding & Pillows
I7zaYuSfHP2q41Nn7Pzf,"PACHETEAU TWEED BONE
RALPH LAUREN",no vendor,FRL5044,,sku,,Fabric  + Trim
ITzyZyIoFYZWpPxY6U7A,Morris Small Lantern,Visual Comfort,,,title,,LightingBedding & Pillows
IqpHlAAYZLPtOJLOTwfP,"Elsa Farm Table in White Oak, Built to Order by Petersen Antiques",1st Dibs,,,title,,Furniture & Upholstery
J74YgoX8AwxXv2rguMuB,Buckhead Chest,Somerset Bay,SB041,,sku,,Furniture & Upholstery
JXFvmlMtv09NplP7QgWs,MAJORELLE - BLACK ON NATURAL,Peter Dunham,131MJR01,,sku,,Fabric  + Trim
KOHgmSZtFQ3unABVedZk,Hex Lantern,Elu,,,title,,LightingBedding & Pillows
KWx8sonF5jAxEeIQgBhL,Crisfield Bookshelf,Somerset Bay,SB110,,sku,,Furniture
KvmlcgUakF8vxeiPwm7O,BRERA STRADA CHAMBRAY,Designers Guild (USA) Inc.,,,title,,Fabric  + Trim
KzoJ76hQ2yvaSKEgq5ij,Ceramica,Hudson Valley Lighting,,,title,,LightingBedding & Pillows
LqsIAyEdz8vuXbbEVUC5,ALMA - RED/INDIGO,KRAVET,BP10821.1.0,,sku,,Fabric  + Trim
LxBAeUCGURWWOKU3Wdmd,Madison Linen in Sand,KRAVET,32330-1116,,sku,,Fabric  + Trim
M0gdtUIoFghnBNA3Rnj8,Amer Celadon Linen,Walter G,,,title,,Fabric  + Trim
MCIxO17lpoV8nmOxLgEm,Carrington Small Lantern,Visual Comfort,,,title,,LightingBedding & Pillows
MjgjAQFT11hiboYgOVad,Fink Pendant,Elu,,,title,,LightingBedding & Pillows
Ml0ReGAbiaWhNAzf5eAF,JACKSON - Small,Urban Electric,,,title,,LightingBedding & Pillows
NQ124UUkANwFTcGswB0q,Large Rec Glass Lantern sconce,Elu,,,title,,LightingBedding & Pillows
Nft4a1VHkVaODale3p5M,Pienza - Resist,Legracieux ,,,title,,Fabric  + Trim
OEH2z8sB5EVncIeUpP8t,Linear Iron and Brass Chandelier,Elu,,,title,,LightingBedding & Pillows
OLVatzU4Kf0eaY2E8HIC,Walker Swing Arm Sconce,Visual Comfort,,,title,,LightingBedding & Pillows
OMnQKubyKOzufyxDBajF,LUGANO,Coraggio,,,title,,Fabric & Trim
OiZaNLsWwOx1lSgdTnsW,"David 24"" Art Light",Visual Comfort,TOB 2023HAB/BZ,,sku,,LightingBedding & Pillows
P8DaFyTh17tje63V09FS,Denim Black drum Pendant,Elu,,,title,,LightingBedding & Pillows
PURaU4exYSj5bsh6VKbk,"Maverick Coastal 52"" Ceiling Fan",Visual Comfort,MGMR52MBKMBK,,sku,,LightingBedding & Pillows
PxnguaIoZjOqBR7AC2vS,Ondrian 2 Light Sconce,Hubbardton Forge,,,title,,LightingBedding & Pillows
PyuVsbSyy97pm8YEJJeI,Barranca Ocean,Mark Alexander,,,title,,Fabric  + Trim
QHMil7hgTxU7o5EDLmIr,MARMARIS | INDOOR,Martyn Lawrence Bullard,,,title,,Fabric  + Trim
QJDziR1yxuMrU9xNc1gd,Mason Outdoor Sconce,Hubbardton Forge,Base Item #303003,,sku,,LightingBedding & Pillows
QV0hnuTuKfguasbgDfOR,Imbrie Articulating Sconce,Rejuvination,,,title,,LightingBedding & Pillows
QocDOAWGwhUXLtv4AZvH,Broomfield Large Hanging Shade,Visual Comfort,RL 5162PN-L,,sku,,LightingBedding & Pillows
R2WSS9rt3AkEa6FbLeOY,Solid Mottle,Legracieux ,,,title,,Fabric  + Trim
R3bbzsBa3d9LaxcALkIx,NEVA Ottoman,SixPenny,,,title,,Furniture & Upholstery
RJeWrKD4OBgT1YC3G8kd,Riley Medium Ring Chandelier,Visual Comfort,,,title,,LightingBedding & Pillows
RMrgewfUaPzXy6mJfxjw,LE1053 Silesia,Hartmann & Forbes,,,title,,Window
RQqLrOOhzGnF7prwXiF1,Architect's Swing Arm,Visual Comfort,PT 2000BZ-S,,sku,,LightingBedding & Pillows
RT8L4Iag33TshIbg9uZj,LE1160 Sapi,Hartmann & Forbes,,,title,,Window
RXwePmjJ4azcHOwGYPYX,"Massive Vintage Oak Farm Table, Custom Made by Petersen Antiques",1st Dibs,,,title,,Furniture & Upholstery
Rl3kNfg7jw0polM66xJb,LARAMIE STEM PENDANT LIGHT,Barn Electric,,,title,,LightingBedding & Pillows
Sk9mxcXqfWzE38Kb0Ra7,Cody Large Hanging Shade,Visual Comfort,,,title,,LightingBedding & Pillows
Sks8FBZaMKELbQvMOOA6,Kent Strié ,no vendor,21301595,,sku,,Fabric  + Trim
SvPqCZ4kRLWkx19Hl9be,LE1050 Sendal,Hartmann & Forbes,,,title,,Fabric  + Trim
T9mr0HHNPcXc3fZv3bSw,Bikkia,McLaurin & Piercy,NO. MP79,,sku,,Fabric  + Trim
UiWdrMKWa3SaJHFrbmC3,LE1109 Selatan,Hartmann & Forbes,,,title,,Window
VK8ROmMxrS3FnVGXoVqy,Echo Sconce,Hubbardton Forge,Base Item #204320,,sku,,LightingBedding & Pillows
Vo4kXf7bRJihwacuSkJn,NEVA Chair,SixPenny,,,title,,Furniture & Upholstery
VpGfNxclyqAgsORsYKeo,Reed Double Sconce,Visual Comfort,TOB 2126HAB-L,,sku,,LightingBedding & Pillows
W6hUkb4a7KWOfuGZpMfI,Dash Mineral,McLaurin & Piercy,,,title,,Fabric  + Trim
WcEgFx6Higp7VgEMA38E,Leather strapped drum chandelier,Elu,,,title,,LightingBedding & Pillows
WmU0NMSGTyuTtH5zCGW3,LE1703 Wrafton,Hartmann & Forbes,,,title,,Window
XJZTOs0sSFZXlDb3lroO,SPJ-MSL-2BK-12,SPJ Lighting Inc.,,,title,,LightingBedding & Pillows
XflR4dXliXWAkVqSN34f,Barrett,Visual Comfort,,,title,,LightingBedding & Pillows
XhBdtfvtnsjUMwtvjVto,"Barrett 24"" Picture Light",Visual Comfort,RL2724,,sku,,LightingBedding & Pillows
YETIvsOBNSNsA8428sgO,Alaster Articulating Wall Light,Visual Comfort,RL 2170PN/BKE,,sku,,LightingBedding & Pillows
YzogFug1I5onRc85eTYX,New Town Large Sconce,Hubbardton Forge,,,title,,LightingBedding & Pillows
Z48o0DnHyUQlKnJqOpZW,Dorchester Double Backplate Swimg Arm,Circa Lighting ,CHD5102,,sku,,LightingBedding & Pillows
Z7ALHse3D1NyDbncotbu,Linear Lantern Chandelier,Elu,,,title,,LightingBedding & Pillows
Zt1g82xHyFpvFAiQJZCc,Naomi Volcano,Stroheim,,,title,,Fabric  + Trim
aZ58wylL72bTUHKoWtbx,ERDDIG DOUBLE ARM,Urban Electric,,,title,,LightingBedding & Pillows
alouette-chandelier,Alouette Chandelier,,,,title,,LightingBedding & Pillows
antasia-double-glass-1-light-sconce,Antasia Double Glass 1 Light Sconce,,,,title,,LightingBedding & Pillows
aperture-sconce,Aperture Sconce,,,,title,,LightingBedding & Pillows
available-in-natural-brass-rl-5162nb-l-visual-comfort,Available in Natural Brass RL 5162NB-L,Visual Comfort,RL 5162PN-L,,sku,,LightingBedding & Pillows
bNoGfpEVjsiNfQZgwpYp,Kennebunkport Cocktail Table,Somerset Bay,SB056,,sku,,Furniture
bTe7zlJYzpF64v48Qe1U,Manhattan,Concretti,,,title,,Hardware
bc0LoSxuNyGjTzwDEKoH,Midewin,McLaurin & Piercy,,,title,,Fabric  + Trim
belfair-large-double-sconce,Belfair Large Double Sconce,,,,title,,LightingBedding & Pillows
black-forest-ebony-somerset-bay,"Black Forest, Ebony",Somerset Bay,SB012,,sku,,Furniture & Upholstery
black-forest-or-ebony-somerset-bay,Black Forest or Ebony,Somerset Bay,SB056,,sku,,Furniture
block-leg-coffee-table-made-from-reclaim,Block Leg Coffee Table made from Reclaimed Pine,,,,title,,Furniture & Upholstery
bouy-glass-pendant,Bouy Glass Pendant,,,,title,,LightingBedding & Pillows
bouy-parchment-pendant,Bouy Parchment Pendant,,,,title,,LightingBedding & Pillows
bryant-sconce,Bryant Sconce,,,,title,,LightingBedding & Pillows
bulb-qty-1-regina-andrews,Bulb Qty: 1,Regina Andrews,Item: 16-1219WT,,sku,,LightingBedding & Pillows
bx72QE0oXBU8PaYg5T20,F&T - Napaoli vintage,Libeco,,,title,,Fabric  + Trim
cXQxfoqyS3SfqGEgpEu6,Leather strapped double sconce,Elu,,,title,,LightingBedding & Pillows
cZ6WandTPwKVIQUkM4YC,Danbury Hanging Pendant Large,Remains Lighting Company,,,title,,LightingBedding & Pillows
cannes-pendant,Cannes Pendant,,,,title,,LightingBedding & Pillows
carson-rod-pendant-12-width,"Carson Rod Pendant, 12"" Width",,,,title,,LightingBedding & Pillows
carson-sconce-12-width,"Carson Sconce, 12"" Width",,,,title,,LightingBedding & Pillows
chainmail-pendant,Chainmail Pendant,,,,title,,LightingBedding & Pillows
cmiDvQVZs7eEYhEFunAs,Flea Market Lantern,Visual Comfort,SK 2301AZ,,sku,,LightingBedding & Pillows
consessions-visual-comfort,Consessions,Visual Comfort,RL 5060BZ-WG,,sku,,LightingBedding & Pillows
cord-cover-included-requires-smaller-o-visual-comfort,Cord Cover Included | Requires Smaller Outlet Box,Visual Comfort,PT 2000BZ-S,,sku,,LightingBedding & Pillows
d6sVqRDayRwhxaoL11fH,Hudson Swing Arm,Circa Lighting ,,,title,,LightingBedding & Pillows
dUGmbzNHIcRIP83iGmN3,Bryant Sconce,Visual Comfort,,,title,,LightingBedding & Pillows
denim-black-drum-pendant,Denim Black drum Pendant,,,,title,,LightingBedding & Pillows
dfbqG3cBehKMNusFwh9V,Leather wall Sconce,Elu,,,title,,LightingBedding & Pillows
dhoUAw6Sd0fMqViNn5Gw,Alouette Chandelier,Arteriors,,,title,,LightingBedding & Pillows
double-chandelier,Double Chandelier,,,,title,,LightingBedding & Pillows
double-sconce,Double sconce,,,,title,,LightingBedding & Pillows
dresser-long-glass-rod-light,Dresser Long Glass Rod Light,,,,title,,LightingBedding & Pillows
drum-pendant,Drum Pendant,,,,title,,LightingBedding & Pillows
echo-sconce,Echo Sconce,,,,title,,LightingBedding & Pillows
elkins-double-sconce,Elkins Double Sconce,,,,title,,LightingBedding & Pillows
eloise-ceramic-pendant,Eloise Ceramic Pendant,,,,title,,LightingBedding & Pillows
eloise-ceramic-sconce,Eloise Ceramic Sconce,,,,title,,LightingBedding & Pillows
eoG4ivM9yoYt0Uk8latT,Avalon Gooseneck,Barn Electric,,,title,,LightingBedding & Pillows
ethos-large-led-sconce,Ethos Large LED Sconce,,,,title,,LightingBedding & Pillows
exterior-spj-lighting-inc,Exterior,SPJ Lighting Inc.,SPJ-MSL2-12,,sku,,LightingBedding & Pillows
fX9DlplEaq1XfD91R26B,Tapered Vintage Lantern,Elu,,,title,,LightingBedding & Pillows
fink-pendant,Fink Pendant,,,,title,,LightingBedding & Pillows
fisher-sconce-single,Fisher Sconce Single,,,,title,,LightingBedding & Pillows
fjbAePKwdjLOZmUuiQkG,Klara Coffee Table made from Reclaimed Pine,1st Dibs,,,title,,Furniture & Upholstery
fo6wuIixzp5l6BqPd6nX,Sonoma Storage Cabinet w/ Baskets,Bramble,26911,,sku,,Furniture & Upholstery
forge,Forge,,Base Item #303003,,sku,,LightingBedding & Pillows
frink-style-mirrored-reflector-footlight,Frink Style Mirrored Reflector Footlight Sconce,,,,title,,LightingBedding & Pillows
fvHjX5pvOCUJqJBbQR5P,04135 Navy,Trend,,,title,,Fabric  + Trim
gEvSAj565FJKcaAsKUlI,NEVA,SixPenny,,,title,,Furniture & Upholstery
gOIWS3Ju1pIQ4CJpb89j,New York,Concretti,,,title,,Appliances  & Plumbing
game-room-somerset-bay,Game room,Somerset Bay,SB110,,sku,,Furniture
game-room-visual-comfort,Game room,Visual Comfort,TOB 2023HAB/BZ,,sku,,LightingBedding & Pillows
glass-and-the-crown-is-antiqued-brass-an-early-electrics,glass and the crown is antiqued brass and steel.,Early Electrics,883847524562,,sku,,LightingBedding & Pillows
grain-drum-sconce,Grain Drum Sconce,,,,title,,LightingBedding & Pillows
hK3IULBRSDsEW2FfcFW5,Standen Stripe Linen,no vendor,FRL5233-01S,,sku,,Fabric  + Trim
hUUU6AJHLv6OFlhLanqf,"Touro Smart 60"" LED Ceiling Fan",Visual Comfort,3TOSM60BBSD,,sku,,LightingBedding & Pillows
hall-l2-visual-comfort,Hall L2,Visual Comfort,SK 2301AZ,,sku,,LightingBedding & Pillows
hardware,Hardware,,,,title,,Hardware
hazel-sconce,Hazel Sconce,,,,title,,LightingBedding & Pillows
henry-large-glass-shade-sconce,Henry Large Glass Shade Sconce,,,,title,,LightingBedding & Pillows
hgwqB3oxgWWCiBeKbvMw,5313 DRINA-THUNDER,Pindler & Pindler,,,title,,Fabric  + Trim
hoFiQoaAq8OcRdFp3Uqn,CLOVER HANG,Urban Electric,,,title,,LightingBedding & Pillows
iIHWYShSuV1qiKsPWhHH,Falmouth Chest,Somerset Bay,SB012,,sku,,Furniture & Upholstery
iTGqIj3cdJFBfl0bX50O,Garden Stripe,Zimmer & Rhodes,,,title,,Fabric  + Trim
iyGsGbqw4ZxoWhKcC4m4,DOUBLEBROOK PLAID Midnight RALPH LAUREN,Designers Guild (USA) Inc.,FRL5242,,sku,,Fabric  + Trim
iyRPuJqBbbbw0885UgZV,The Z5 Black Bamboo CC Pendant,Global LIghting,905-101-1-CC,,sku,,LightingBedding & Pillows
jonah-alabaster-sconce,Jonah Alabaster Sconce,,,,title,,LightingBedding & Pillows
kennebunkport-cocktail-table,Kennebunkport Cocktail Table,,,,title,,Furniture
klara-coffee-table-made-from-reclaimed-p,Klara Coffee Table made from Reclaimed Pine,,,,title,,Furniture & Upholstery
lOmoDS08BBGmtwcKMAOm,Summit Sconce,Hubbardton Forge,Base Item #202045,,sku,,LightingBedding & Pillows
lW9cOtC4cq47BtvWp7w4,ANTIQUE INSPIRED 30″ HIGH BACK FARM SINK CAST IRON,Watermark Fixtures,,,title,,Appliances  & Plumbing
lack-forest-ebony-vanilla-bean-somerset-bay,"lack Forest, Ebony, Vanilla Bean",Somerset Bay,SB061-B,,sku,,Furniture
laramie-stem-pendant-light,LARAMIE STEM PENDANT LIGHT,,,,title,,LightingBedding & Pillows
large-rec-glass-lantern-sconce,Large Rec Glass Lantern sconce,,,,title,,LightingBedding & Pillows
leather-strapped-double-sconce,Leather strapped double sconce,,,,title,,LightingBedding & Pillows
leather-strapped-drum-chandelier,Leather strapped drum chandelier,,,,title,,LightingBedding & Pillows
leather-wall-sconce,Leather wall Sconce,,,,title,,LightingBedding & Pillows
locations-and-intended-for-interior-use-arteriors,locations and intended for interior use.,Arteriors,44753,,sku,,LightingBedding & Pillows
m-tier-sconce,MÉTIER SCONCE,,,,title,,LightingBedding & Pillows
mDnwJNRr0fQ1p8NsDaC7,HIGHLAND CHECK - INDIGO,KRAVET,FD314.H10.0,,sku,,Fabric  + Trim
mVi0FxaKNxMKFhUOARXA,"38"" SInk & SPlash",Soapstone Sinks,,,title,,Appliances  & Plumbing
mbr-bath-arteriors,MBR & Bath,Arteriors,DK42043,,sku,,LightingBedding & Pillows
milk-glass-bath-sconce,Milk Glass Bath Sconce,,,,title,,LightingBedding & Pillows
mini-drum-pendant,Mini Drum Pendant,,,,title,,LightingBedding & Pillows
moP6rK6H4x8wvVsYB3jV,Bowery,Hudson Valley Lighting,3722-AOB,,sku,,LightingBedding & Pillows
n7tZ82CLVmwYRdLXDC8x,Saratoga Small Pendant,Hubbardton Forge,Base Item #104070,,sku,,LightingBedding & Pillows
nG7P1hkeyhfBubDxxUh0,Salon Sconce Large,Regina Andrews,Item: 15-1188ORB,,sku,,LightingBedding & Pillows
nYKxEOVBgJmZY63ZZoA7,Country I Pendant,Il Fanale,,,title,,LightingBedding & Pillows
new-town-sconce,New Town Sconce,,,,title,,LightingBedding & Pillows
nkgSUgXd8cDcObQnHBpm,Grain Drum Sconce,Ravenhill Studio,,,title,,LightingBedding & Pillows
nnzyCE3HgShIespkp9y8,Mini Drum Pendant,Elu,,,title,,LightingBedding & Pillows
nx6Tth76sQWta7PKeW2v,Classic Collection CL758C Runner,Safavieh,CL758C,,sku,,Floor Covering
nzz5Vd5m18FSz3EQ4n0R,5313 Drina Dusk,Pindler & Pindler,,,title,,Fabric  + Trim
o2QwTbU3yUfpJSYIbEyd,Modern Small Lantern,Visual Comfort,,,title,,LightingBedding & Pillows
oIVJS45KZ8sb3sJ7oBai,La Jolla Stripe 05,Fabricut,,,title,,Fabric  + Trim
ondrian-2-light-sconce-hubbardton,Ondrian 2 Light Sconce,Hubbardton,,,title,,LightingBedding & Pillows
pRNEuMySs4roSb1VipFs,CAMPION,Urban Electric,,,title,,LightingBedding & Pillows
pgsXSsb9BE3S10i1G9sU,Vela Sconce,Hubbardton Forge,Base Item #203330,,sku,,LightingBedding & Pillows
piaf-large-tail-sconce,Piaf Large Tail Sconce,,,,title,,LightingBedding & Pillows
piatto-medium-pendant,Piatto Medium Pendant,,,,title,,LightingBedding & Pillows
plumbing,plumbing,,,,title,,Appliances  & Plumbing
qKny00wjql78pqYQuvWQ,HOUE,Urban Electric,,,title,,LightingBedding & Pillows
qgbqc3sBjT4EVgMkcuCo,7334 DELUXE-TUSK,Pindler & Pindler,,,title,,Fabric  + Trim
qzKrVn1EzNP0xzwhqLdF,CHAMPEAUX PIVOTING FLUSHMOUNT,Restoration Hardware,,,title,,LightingBedding & Pillows
r0EtotbZ6PVGxRR51Iih,Bouy Glass Pendant,Elu,,,title,,LightingBedding & Pillows
rUhBDUMs7Y4MTybmUZXL,Saratoga Sconce,Hubbardton Forge,Base Item #204070,,sku,,LightingBedding & Pillows
rdDIqG5Mq8RxvdMqHVbN,ARIA Grande Ottoman,SixPenny,,,title,,Furniture & Upholstery
reed-double-sconce,Reed Double Sconce,,,,title,,LightingBedding & Pillows
riley-large-ring-chandelier,Riley Large Ring Chandelier,,,,title,,LightingBedding & Pillows
riley-medium-ring-chandelier,Riley Medium Ring Chandelier,,,,title,,LightingBedding & Pillows
rl-67-boom-arm-wall-lamp,RL 67 Boom Arm Wall Lamp,,,,title,,LightingBedding & Pillows
robertson-single-tier-chandelier,Robertson Single Tier Chandelier,,,,title,,LightingBedding & Pillows
saratoga-sconce,Saratoga Sconce,,,,title,,LightingBedding & Pillows
saratoga-small-pendant,Saratoga Small Pendant,,,,title,,LightingBedding & Pillows
selecta-long-sconce,Selecta Long Sconce,,,,title,,LightingBedding & Pillows
shade-details-6-x-10-x-7-circa-lighting,"Shade Details: 6"" x 10"" x 7""",Circa Lighting,CHD5102,,sku,,LightingBedding & Pillows
stairs-regina-andrews,Stairs,Regina Andrews,Item: 16-1132BI,,sku,,LightingBedding & Pillows
styles-such-as-a-coastal-bungalow-to-a-m-regina-andrews,styles such as a coastal bungalow to a modern farmhouse abode.,Regina Andrews,Item: 15-1124WT,,sku,,LightingBedding & Pillows
summit-sconce,Summit Sconce,,,,title,,LightingBedding & Pillows
sweep-medium-left-articulating-sconce,Sweep Medium Left Articulating Sconce,,,,title,,LightingBedding & Pillows
tMfIw0kaXtZ5NbUbvWuK,LOU LOU WALL,Urban Electric,,,title,,LightingBedding & Pillows
tTnNlMnJG2Bn8XtbqDCY,Sweep Medium Left Articulating Sconce,Visual Comfort,,,title,,LightingBedding & Pillows
taXoeHnpQPL8SjA0HCOi,Cosette Mirror With Shelf,Pottery Barn,,,title,,Mirrors & Accessories
the-original-stem-pendant-light,THE ORIGINAL™ STEM PENDANT LIGHT,,,,title,,LightingBedding & Pillows
vPq1rD2NwACvvkmCPjBQ,Corsica mid-weight linen fabric,Libeco,,,title,,Fabric  + Trim
vYaYW9bkBrW34LWvdYTM,Robertson Linear Chandelier,Visual Comfort,RL 5545NR,,sku,,LightingBedding & Pillows
vela-sconce,Vela Sconce,,,,title,,LightingBedding & Pillows
victoria-solid-brass-1-light-pendant,Victoria Solid Brass 1 Light Pendant,,,,title,,LightingBedding & Pillows
vlQimaZH2cvIxyCmxCwy,Holborn Small Lantern,Visual Comfort,,,title,,LightingBedding & Pillows
w8HjySTaCeJKaqBvzFX2,Victoria Solid Brass 1 Light Pendant,Richard Hathaway Lighting,,,title,,LightingBedding & Pillows
wToWUs6Xjc4NlgZ72mPq,Demi John Pendant Small,Regina Andrews,,,title,,LightingBedding & Pillows
walker-swing-arm-sconce,Walker Swing Arm Sconce,,,,title,,LightingBedding & Pillows
webbed-hexagon-prismatic-sconce,Webbed Hexagon Prismatic Sconce,,,,title,,LightingBedding & Pillows
weight-39-lbs-visual-comfort,Weight: 39 lbs.,Visual Comfort,RL 5612NB/NVY-L,,sku,,LightingBedding & Pillows
weight-9-lbs-visual-comfort,Weight: 9 lbs.,Visual Comfort,TOB 2141HAB-FG,,sku,,LightingBedding & Pillows
workout-visual-comfort,Workout,Visual Comfort,MGMR52MBKMBK,,sku,,LightingBedding & Pillows
x537hSbamiw12lJeXY3Y,Total Performance Round Rug 8',Safavieh, TLP722A ,,sku,,Floor Covering
x547sELIKIRVglmzg60F,Linear chandelier,Elu,,,title,,LightingBedding & Pillows
x84MX4md5F6ppTOPrBWM,Cawdor Stanchion Wall Light,Visual Comfort,,,title,,LightingBedding & Pillows
y89NY7go3mk0KI0LdHkt,Dune Stripe,Schumacher,73290,,sku,,Fabric  + Trim
yB9EX0RClzHGzb4noV8V,Darya Swan Neck Wall Sconce,Etsy,,,title,,LightingBedding & Pillows
yIzpfwL0DzHKS47RqJJR,Mast Light,Original BTC,US-DP0749/GM/PO,,sku,,LightingBedding & Pillows
ySdK4F6rJDuTphrdKV7U,"Petrel 18"" Picture Light",Visual Comfort,,,title,,LightingBedding & Pillows
ySogpfaGCNfyVtZmE7uc,Cortland,Hudson Valley Lighting,211-AGB,,sku,,LightingBedding & Pillows
yT9z5MaHJ8n53T2K7roi,CLASSIC MIRROR CHANDELIER,RTO  Lighting,,,title,,LightingBedding & Pillows
ypM9DcuoQYRbbWgfb6PZ,Gloucester Chest,Somerset Bay,SB103,,sku,,Furniture
zvuV1aICwLcdY4P0YLMM,ORLANDO STRIPE,Martyn Lawrence Bullard,,,title,,Fabric  + Trim