clipDocId,title,vendor,houzzId,sku,source,beforeRoom,afterRoom,beforeCategory,beforeClientPrice,afterClientPrice,action,reason
05umcrfzCP8EKjjhMljy,Lakeview Signature,Flambeaux,,,houzz-import,Exterior,Exterior,,$3970.00,3970,fix-string-price+review-empty-category,"fix-string-price,review-empty-category"
0FQe1NCPkJMFrbvBLjJH,ARIA Chair,SixPenny,,,houzz-import,Game room,Game room,,,,review-empty-category,review-empty-category
0TRFQcYAypg10mBelu1j,Bouy Parchment Pendant,Elu,,,houzz-import,Game room,Game room,,,,review-empty-category,review-empty-category
0YnHrjhWldbjURenYyVP,Telal Ceiling Light,Etsy,,,houzz-import,Guest 4,Guest 4,,$1296.81,1296.81,fix-string-price+review-empty-category,"fix-string-price,review-empty-category"
0jcv9p6txEyFHshAAhtj,Manhattan Signature,Flambeaux,,,houzz-import,Hall,Hall,,$10890.00,10890,fix-string-price+review-empty-category,"fix-string-price,review-empty-category"
0mWU79dCq0zuUSManEmG,Elsinore Medium Hanging Lantern,Visual Comfort,,,houzz-import,MBR & Bath,MBR & Bath,,$1214.19,1214.19,fix-string-price+review-empty-category,"fix-string-price,review-empty-category"
0wJ7165xSv4GnpyZXuY7,Fisher Sconce Single,Regina Andrews,,,houzz-import,Powder 3,Powder 3,,$945.00,945,fix-string-price+review-empty-category,"fix-string-price,review-empty-category"
12A5Vh1ALtYKolK7lR0I,Vintage Lantern,Elu,,,houzz-import,Exterior,Exterior,,$3410.00,3410,fix-string-price+review-empty-category,"fix-string-price,review-empty-category"
1JA9nFfnLji0P3XRx6IT,REX V.1 FLUSH,Urban Electric,,,houzz-import,Powder 1,Powder 1,,$2792.50,2792.5,fix-string-price+review-empty-category,"fix-string-price,review-empty-category"
1PMknCX2cetUlx1wYFhV,Linden Rectangular Pivot Mirror,Pottery Barn,,,houzz-import,Guest 4,Guest 4,,$538.65,538.65,fix-string-price+review-empty-category,"fix-string-price,review-empty-category"
1QY6ug0s2EYXlZ5JwMx8,Broomfield Small Hanging Shade,Visual Comfort,,,houzz-import,office,office,,$2436.69,2436.69,fix-string-price+review-empty-category,"fix-string-price,review-empty-category"
1QfQNnGEsedKLBbFLH4Y,THE ORIGINAL™ VENTED GOOSENECK LIGHT,Barn Electric,,,houzz-import,Mudroom,Mudroom,,$378.40,378.4,fix-string-price+review-empty-category,"fix-string-price,review-empty-category"
1SEDFi5Vx4zzaDk8E9Sq,MAJORELLE - OCEAN,Peter Dunham,,131MJR05,houzz-import,Guest 2,Guest 2,,$152.55,152.55,fix-string-price+review-empty-category,"fix-string-price,review-empty-category"
1dKeZMdzPRxq6MZ2uhvh,Ghostwood Octagonal Dining Table,Western Heritage Furniture,,,houzz-import,Kitchen,Kitchen,,,,review-empty-category,review-empty-category
23w3bJzv1wi4Kk2kL8DY,Emerson Bell Jar Pendant Small,Regina Andrews,,,houzz-import,Butler Pantry,Butler Pantry,,$2360.00,2360,fix-string-price+review-empty-category,"fix-string-price,review-empty-category"
2BRHouGcKCWKvy4tTiML,LE3030 Fescue,Hartmann & Forbes,,,houzz-import,Windows,Windows,,,,review-empty-category,review-empty-category
2LJcbZiJJtj7Jb0pPJSe,Piaf Large Tail Sconce,Visual Comfort,,,houzz-import,Guest 3,Guest 3,,$565.38,565.38,fix-string-price+review-empty-category,"fix-string-price,review-empty-category"
2bMgnRi1p6NtSUcGmLGY,Elkins Double Sconce,Visual Comfort,,,houzz-import,Guest 4,Guest 4,,$1132.38,1132.38,fix-string-price+review-empty-category,"fix-string-price,review-empty-category"
2qC3gXDShR3ILjSAIPOy,THE ORIGINAL™ STEM PENDANT LIGHT,Barn Electric,,,houzz-import,Laundry,Laundry,,$1095.60,1095.6,fix-string-price+review-empty-category,"fix-string-price,review-empty-category"
2wHRae5AqAImAlne8odK,DEEG - GREEN ON TAN,Peter Dunham,,,houzz-import,Guest 3,Guest 3,,$153.90,153.9,fix-string-price+review-empty-category,"fix-string-price,review-empty-category"
3WiOezb0qTBxyt0VNPC3,Anatolia Round 8' Rug,Safavieh,, Anatolia Collection Design: AN521A ,houzz-import,,,,,,review-empty-category,review-empty-category
3eY5yyvLjDVg16Dr6Y5u,BRERA VIALE THYME,Designers Guild (USA) Inc.,,,houzz-import,Guest 3,Guest 3,,,,review-empty-category,review-empty-category
3gE9Htbbg2Md1felHErE,Parade Stripe,Travers,,44210765,houzz-import,Guest 2,Guest 2,,,,review-empty-category,review-empty-category
3zR43iLBcn1nlybVliaT,Aperture Sconce,Hubbardton Forge,,Base Item #217510,houzz-import,Consessions,Consessions,,$1535.60,1535.6,fix-string-price+review-empty-category,"fix-string-price,review-empty-category"
4X1D4R2odPhIu934az8O,"Carson Rod Pendant, 12"" Width",Rejuvination,,,houzz-import,Laundry,Laundry,,$399.00,399,fix-string-price+review-empty-category,"fix-string-price,review-empty-category"
4budmBQQK0WxkpxqHgVw,ALMA - INDIGO,KRAVET,,BP10821.2.0,houzz-import,Guest 2,Guest 2,,$154.35,154.35,fix-string-price+review-empty-category,"fix-string-price,review-empty-category"
5krtiLdiUZntdVCsY7j8,RL 67 Boom Arm Wall Lamp,Circa Lighting ,,,houzz-import,MBR & Bath,MBR & Bath,,$664.24,664.24,fix-string-price+review-empty-category,"fix-string-price,review-empty-category"
6YKjtivxMO39uvS0HNMh,Milk Glass Bath Sconce,Elu,,,houzz-import,MBR & Bath,MBR & Bath,,,,review-empty-category,review-empty-category
6Z63yoJML4iKWAqPjXsq,Double Chandelier,Elu,,,houzz-import,Great Room,Great Room,,$15675.00,15675,fix-string-price+review-empty-category,"fix-string-price,review-empty-category"
6aG4kdIdUIXXBwwyBvkf,GABRIEL,SixPenny,,,houzz-import,Game room,Game room,,$4299.00,4299,fix-string-price+review-empty-category,"fix-string-price,review-empty-category"
6bsoGvPiMHQS6ZGJfMVW,Riley Large Ring Chandelier,Visual Comfort,,RL 5612NB/NVY-L,houzz-import,Guest 3,Guest 3,,$4061.69,4061.69,fix-string-price+review-empty-category,"fix-string-price,review-empty-category"
6ccVHSboTIN6MLYSGWxF,SB061-B Monterey Bureau Bookcase-Base Only,Somerset Bay,,SB061-B,houzz-import,Guest 4,Guest 4,,$4477.27,4477.27,fix-string-price+review-empty-category,"fix-string-price,review-empty-category"
70kC6PQP3OEIBlelBdHj,JACKSON,Urban Electric,,,houzz-import,Hall,Hall,,$2763.45,2763.45,fix-string-price+review-empty-category,"fix-string-price,review-empty-category"
7lrRFr7Bt8pRDzCiwXgx,Drum Pendant,Elu,,,houzz-import,MBR & Bath,MBR & Bath,,,,review-empty-category,review-empty-category
80K5wSpbHlH2AzPnmRgZ,Faro - Flax,Libeco,,1139-0011,houzz-import,Guest 4,Guest 4,,$77.90,77.9,fix-string-price+review-empty-category,"fix-string-price,review-empty-category"
8gIBdP3T8KB5TXHMRqvo,Large Cast Brass Arm and Milk Glass Wall Light,Early Electrics ,,883812166543,houzz-import,Butler Pantry,Butler Pantry,,$1700.00,1700,fix-string-price+review-empty-category,"fix-string-price,review-empty-category"
8vTqdvGjneGNcgcfpfCq,Custom Soapstone Kitchen Sink,Soapstone Sinks,,,houzz-import,Laundry,Laundry,,$1919.50,1919.5,fix-string-price+review-empty-category,"fix-string-price,review-empty-category"
90XTtC5qfZhlUlu2lnjZ,Brantley Lantern,Visual Comfort,,,houzz-import,Guest 2,Guest 2,,$2024.19,2024.19,fix-string-price+review-empty-category,"fix-string-price,review-empty-category"
985Sxg2aqXOD1o8KWTBR,Milk Glass Deco with Clear Crystal Cut Lens Bottom Pendents,Early Electrics ,,883847524562,houzz-import,Powder 3,Powder 3,,$575.00,575,fix-string-price+review-empty-category,"fix-string-price,review-empty-category"
9I2yr65L6fopeysWEm1G,Euphrasia Charcoal,Fabricut,,,houzz-import,Guest 3,Guest 3,,$60.75,60.75,fix-string-price+review-empty-category,"fix-string-price,review-empty-category"
9h4zka0uul4MFge4lWgp,Stoneleigh Herringbone  Pebble,Folia - Ralph Lauren,,,houzz-import,Kitchen,Kitchen,,,,review-empty-category,review-empty-category
9v374dIUGboA3DHjTL99,Stowe Wide Frame Square Wall Mirror,Pottery Barn,,,houzz-import,Guest 3,Guest 3,,$741.15,741.15,fix-string-price+review-empty-category,"fix-string-price,review-empty-category"
AqmfwcHbHHA8sSqLJWdd,Mason Large Outdoor Ceiling Fixture,Hubbardton Forge,,Base Item #363005,houzz-import,Exterior,Exterior,,$4613.40,4613.4,fix-string-price+review-empty-category,"fix-string-price,review-empty-category"
AuoUiglSi40voBXQk8sD,Blue Gray Enamel Vintage Industrial Brass Clear Glass Sconces Wall Lights,1st Dibs,,,houzz-import,Laundry,Laundry,,$466.51,466.51,fix-string-price+review-empty-category,"fix-string-price,review-empty-category"
AvwJoPqwQ6kKDnr2Bi1L,Henry Large Glass Shade Sconce,Hubbardton Forge,,Base Item #209323,houzz-import,Powder 1,Powder 1,,$1650.00,1650,fix-string-price+review-empty-category,"fix-string-price,review-empty-category"
B7WAdRw8Hh81yLSC8k5K,"32"" Soapstone sink",Soapstone Sinks,,,houzz-import,Mudroom,Mudroom,,$1395.00,1395,fix-string-price+review-empty-category,"fix-string-price,review-empty-category"
B8U5s93j0t9BMrv0bBrq,Classic Collection Round Rug 8',Safavieh,, Classic Collection Design: CL324A ,houzz-import,,,,,,review-empty-category,review-empty-category
BQL2ohkCLhOvDXJuvure,"Aubrey Project Table (58"")",Pottery Barn,,,houzz-import,Craft Room,Craft Room,,$2199.00,2199,fix-string-price+review-empty-category,"fix-string-price,review-empty-category"
BadehRA3gaJnpnNKr6rA,MALLEMORT TASK SCONCE,Restoration Hardware,,,houzz-import,office,office,,$2691.00,2691,fix-string-price+review-empty-category,"fix-string-price,review-empty-category"
C17RweaD6dqqrMn8TyC1,GABRIEL Chair,SixPenny,,,houzz-import,Game room,Game room,,$1649.00,1649,fix-string-price+review-empty-category,"fix-string-price,review-empty-category"
CsU6mK0r9lVXljEwVHqu,Dresser Long Glass Rod Light,Visual Comfort,,TOB 2141HAB-FG,houzz-import,Guest 3,Guest 3,,$1942.38,1942.38,fix-string-price+review-empty-category,"fix-string-price,review-empty-category"
CxrwOJm7Ki63I2Mmmxj6,Piatto Medium Pendant,Visual Comfort,,TOB5115,houzz-import,Bar,Bar,,$809.19,809.19,fix-string-price+review-empty-category,"fix-string-price,review-empty-category"
DXHJFNtmLuvoIoHC084S,Ethos Large LED Sconce,Hubbardton Forge,,"$1,823.80",houzz-import,MBR & Bath,MBR & Bath,,$7295.20,7295.2,fix-string-price+review-empty-category,"fix-string-price,review-empty-category"
DaUh2KD28tafNpFhRBtL,ARIA Corner Sectional,SixPenny,,,houzz-import,Game room,Game room,,$8249.00,8249,fix-string-price+review-empty-category,"fix-string-price,review-empty-category"
E1xSXfQCKBkbv0mLQgLv,Antilia,Zimmer & Rhodes,,21280685,houzz-import,Guest 4,Guest 4,,,,review-empty-category,review-empty-category
E9rpIEXH6urCZX5qNzZu,Mason Outdoor Ceiling Fixture,Hubbardton Forge,,Base Item #363003,houzz-import,Powder 1,Powder 1,,$2459.60,2459.6,fix-string-price+review-empty-category,"fix-string-price,review-empty-category"
ECFbWopBvqka3RpqPIib,Retrofit Exposed Pipe Shower Set - Matte Black,Signature Hardware,,,houzz-import,Pool Bath,Pool Bath,,$689.00,689,fix-string-price+review-empty-category,"fix-string-price,review-empty-category"
EI9SaUm0GDuRboMVD34L,Large Sq. Lantern,Elu,,,houzz-import,Kitchen,Kitchen,,$4812.50,4812.5,fix-string-price+review-empty-category,"fix-string-price,review-empty-category"
EgZZbs0rppfpijeWtmEp,Block Leg Coffee Table made from Reclaimed Pine,1st Dibs,,,houzz-import,Great Room,Great Room,,$9000.00,9000,fix-string-price+review-empty-category,"fix-string-price,review-empty-category"
Erlwn8eJzWswiqUm2Vha,Jonah Alabaster Sconce,Regina Andrews,,,houzz-import,Powder 3,Powder 3,,$945.00,945,fix-string-price+review-empty-category,"fix-string-price,review-empty-category"
FGNXaW0PdiauhhIOqvuk,"Cosmopolitan 30"" Picture Light",Visual Comfort,,,houzz-import,Hall,Hall,,$2914.38,2914.38,fix-string-price+review-empty-category,"fix-string-price,review-empty-category"
G4wRbC7mHzKtIRMZ8Drl,Agnes Console Table made from Reclaimed Wood by Petersen Antiques,1st Dibs,,,houzz-import,Entry,Entry,,$8000.00,8000,fix-string-price+review-empty-category,"fix-string-price,review-empty-category"
G9Y90gRlm1I6gY0qBJlK,Napoli Vintage,Libeco,,,houzz-import,Guest 4,Guest 4,,$69.20,69.2,fix-string-price+review-empty-category,"fix-string-price,review-empty-category"
GA1oqy7lUXq3tUKyJPEJ,Hand-Built Soapstone Sinks,M.Teixeira,,,houzz-import,Mudroom,Mudroom,,$2018.25,2018.25,fix-string-price+review-empty-category,"fix-string-price,review-empty-category"
GDXKBRwl5lmckjqfHv3R,LE2257 Lapis,Hartmann & Forbes,,,houzz-import,Windows,Windows,,,,review-empty-category,review-empty-category
GM6CVRB3iR0vqRIOLh1x,Double Drum Shade,Elu,,,houzz-import,Game room,Game room,,,,review-empty-category,review-empty-category
GdoxoznDtkxQllDgvdXd,DOUBLEBROOK PLAID,Designers Guild (USA) Inc.,,FRL5242-03,houzz-import,,,,$116.00,116,fix-string-price+review-empty-category,"fix-string-price,review-empty-category"
GuLNrK2mLUaakRA4HPhh,Belfair Large Double Sconce,Visual Comfort,,,houzz-import,MBR & Bath,MBR & Bath,,$889.38,889.38,fix-string-price+review-empty-category,"fix-string-price,review-empty-category"
GySQG4K7eq96kqEasOK4,METRO,Urban Electric,,,houzz-import,Butler Pantry,Butler Pantry,,$4872.50,4872.5,fix-string-price+review-empty-category,"fix-string-price,review-empty-category"
H23fTVhTZd4ebvnd5ZyY,Lauren Collection Runner,Safavieh,,LRL1310B Warwick,houzz-import,,,,,,review-empty-category,review-empty-category
H5BuD32t2YRNaZwGW5qR,Cannes Pendant,Visual Comfort,,RL 5060BZ-WG,houzz-import,Consessions,Consessions,,$3509.12,3509.12,fix-string-price+review-empty-category,"fix-string-price,review-empty-category"
H67cVwPRJiYCFuRy3H7s,Robertson Single Tier Chandelier,Visual Comfort,,,houzz-import,Guest 4,Guest 4,,$2807.12,2807.12,fix-string-price+review-empty-category,"fix-string-price,review-empty-category"
H8AWcjIxQDqQuws6YUnz,Monaco Collection,Safavieh,,  MNC243F ,houzz-import,,,,,,review-empty-category,review-empty-category
HM4pNM9uNL3vgmK7SKgE,Double sconce,Elu,,,houzz-import,Great Room,Great Room,,$3905.00,3905,fix-string-price+review-empty-category,"fix-string-price,review-empty-category"
I7zaYuSfHP2q41Nn7Pzf,"PACHETEAU TWEED BONE
RALPH LAUREN",no vendor,,FRL5044,houzz-import,,,,,,review-empty-category,review-empty-category
ITzyZyIoFYZWpPxY6U7A,Morris Small Lantern,Visual Comfort,,,houzz-import,MBR & Bath,MBR & Bath,,$1456.38,1456.38,fix-string-price+review-empty-category,"fix-string-price,review-empty-category"
IqpHlAAYZLPtOJLOTwfP,"Elsa Farm Table in White Oak, Built to Order by Petersen Antiques",1st Dibs,,,houzz-import,Dining Room,Dining Room,,,,review-empty-category,review-empty-category
J74YgoX8AwxXv2rguMuB,Buckhead Chest,Somerset Bay,,SB041,houzz-import,Guest 3,Guest 3,,$3335.18,3335.18,fix-string-price+review-empty-category,"fix-string-price,review-empty-category"
JXFvmlMtv09NplP7QgWs,MAJORELLE - BLACK ON NATURAL,Peter Dunham,,131MJR01,houzz-import,Outdoors,Outdoors,,$152.55,152.55,fix-string-price+review-empty-category,"fix-string-price,review-empty-category"
KOHgmSZtFQ3unABVedZk,Hex Lantern,Elu,,,houzz-import,MBR & Bath,MBR & Bath,,$5500.00,5500,fix-string-price+review-empty-category,"fix-string-price,review-empty-category"
KWx8sonF5jAxEeIQgBhL,Crisfield Bookshelf,Somerset Bay,,SB110,houzz-import,Game room,Game room,,$2768.18,2768.18,fix-string-price+review-empty-category,"fix-string-price,review-empty-category"
KvmlcgUakF8vxeiPwm7O,BRERA STRADA CHAMBRAY,Designers Guild (USA) Inc.,,,houzz-import,Guest 2,Guest 2,,,,review-empty-category,review-empty-category
KzoJ76hQ2yvaSKEgq5ij,Ceramica,Hudson Valley Lighting,,,houzz-import,Guest 4,Guest 4,,$1131.60,1131.6,fix-string-price+review-empty-category,"fix-string-price,review-empty-category"
LqsIAyEdz8vuXbbEVUC5,ALMA - RED/INDIGO,KRAVET,,BP10821.1.0,houzz-import,Game room,Game room,,$154.35,154.35,fix-string-price+review-empty-category,"fix-string-price,review-empty-category"
LxBAeUCGURWWOKU3Wdmd,Madison Linen in Sand,KRAVET,,32330-1116,houzz-import,Guest 2,Guest 2,,$97.13,97.13,fix-string-price+review-empty-category,"fix-string-price,review-empty-category"
M0gdtUIoFghnBNA3Rnj8,Amer Celadon Linen,Walter G,,,houzz-import,Guest 3,Guest 3,,,,review-empty-category,review-empty-category
MCIxO17lpoV8nmOxLgEm,Carrington Small Lantern,Visual Comfort,,,houzz-import,Exterior,Exterior,,$1666.37,1666.37,fix-string-price+review-empty-category,"fix-string-price,review-empty-category"
MjgjAQFT11hiboYgOVad,Fink Pendant,Elu,,,houzz-import,Reading Room,Reading Room,,,,review-empty-category,review-empty-category
Ml0ReGAbiaWhNAzf5eAF,JACKSON - Small,Urban Electric,,,houzz-import,Powder 3,Powder 3,,$7674.75,7674.75,fix-string-price+review-empty-category,"fix-string-price,review-empty-category"
NQ124UUkANwFTcGswB0q,Large Rec Glass Lantern sconce,Elu,,,houzz-import,Dining Room,Dining Room,,$8800.00,8800,fix-string-price+review-empty-category,"fix-string-price,review-empty-category"
Nft4a1VHkVaODale3p5M,Pienza - Resist,Legracieux ,,,houzz-import,Guest 3,Guest 3,,,,review-empty-category,review-empty-category
OEH2z8sB5EVncIeUpP8t,Linear Iron and Brass Chandelier,Elu,,,houzz-import,Dining Room,Dining Room,,$9750.00,9750,fix-string-price+review-empty-category,"fix-string-price,review-empty-category"
OLVatzU4Kf0eaY2E8HIC,Walker Swing Arm Sconce,Visual Comfort,,,houzz-import,Guest 4,Guest 4,,$727.38,727.38,fix-string-price+review-empty-category,"fix-string-price,review-empty-category"
OMnQKubyKOzufyxDBajF,LUGANO,Coraggio,,,houzz-import,Great Room,Great Room,,,,review-empty-category,review-empty-category
OiZaNLsWwOx1lSgdTnsW,"David 24"" Art Light",Visual Comfort,,TOB 2023HAB/BZ,houzz-import,Game room,Game room,,$1618.38,1618.38,fix-string-price+review-empty-category,"fix-string-price,review-empty-category"
P8DaFyTh17tje63V09FS,Denim Black drum Pendant,Elu,,,houzz-import,Craft Room,Craft Room,,,,review-empty-category,review-empty-category
PURaU4exYSj5bsh6VKbk,"Maverick Coastal 52"" Ceiling Fan",Visual Comfort,,MGMR52MBKMBK,houzz-import,Workout,Workout,,$701.12,701.12,fix-string-price+review-empty-category,"fix-string-price,review-empty-category"
PxnguaIoZjOqBR7AC2vS,Ondrian 2 Light Sconce,Hubbardton Forge,,,houzz-import,Powder 3,Powder 3,,$1711.60,1711.6,fix-string-price+review-empty-category,"fix-string-price,review-empty-category"
PyuVsbSyy97pm8YEJJeI,Barranca Ocean,Mark Alexander,,,houzz-import,Kitchen,Kitchen,,,,review-empty-category,review-empty-category
QHMil7hgTxU7o5EDLmIr,MARMARIS | INDOOR,Martyn Lawrence Bullard,,,houzz-import,Guest 2,Guest 2,,,,review-empty-category,review-empty-category
QJDziR1yxuMrU9xNc1gd,Mason Outdoor Sconce,Hubbardton Forge,,Base Item #303003,houzz-import,Powder 1,Powder 1,,$2503.60,2503.6,fix-string-price+review-empty-category,"fix-string-price,review-empty-category"
QV0hnuTuKfguasbgDfOR,Imbrie Articulating Sconce,Rejuvination,,,houzz-import,Guest 4,Guest 4,,$1247.50,1247.5,fix-string-price+review-empty-category,"fix-string-price,review-empty-category"
QocDOAWGwhUXLtv4AZvH,Broomfield Large Hanging Shade,Visual Comfort,,RL 5162PN-L,houzz-import,Guest 3,Guest 3,,$3249.19,3249.19,fix-string-price+review-empty-category,"fix-string-price,review-empty-category"
R2WSS9rt3AkEa6FbLeOY,Solid Mottle,Legracieux ,,,houzz-import,Guest 3,Guest 3,,,,review-empty-category,review-empty-category
R3bbzsBa3d9LaxcALkIx,NEVA Ottoman,SixPenny,,,houzz-import,Game room,Game room,,$999.00,999,fix-string-price+review-empty-category,"fix-string-price,review-empty-category"
RJeWrKD4OBgT1YC3G8kd,Riley Medium Ring Chandelier,Visual Comfort,,,houzz-import,Guest 3,Guest 3,,$3655.44,3655.44,fix-string-price+review-empty-category,"fix-string-price,review-empty-category"
RMrgewfUaPzXy6mJfxjw,LE1053 Silesia,Hartmann & Forbes,,,houzz-import,Windows,Windows,,,,review-empty-category,review-empty-category
RQqLrOOhzGnF7prwXiF1,Architect's Swing Arm,Visual Comfort,,PT 2000BZ-S,houzz-import,Guest 4,Guest 4,,$1132.38,1132.38,fix-string-price+review-empty-category,"fix-string-price,review-empty-category"
RT8L4Iag33TshIbg9uZj,LE1160 Sapi,Hartmann & Forbes,,,houzz-import,Windows,Windows,,,,review-empty-category,review-empty-category
RXwePmjJ4azcHOwGYPYX,"Massive Vintage Oak Farm Table, Custom Made by Petersen Antiques",1st Dibs,,,houzz-import,Dining Room,Dining Room,,$16000.00,16000,fix-string-price+review-empty-category,"fix-string-price,review-empty-category"
Rl3kNfg7jw0polM66xJb,LARAMIE STEM PENDANT LIGHT,Barn Electric,,,houzz-import,Mudroom,Mudroom,,$2085.60,2085.6,fix-string-price+review-empty-category,"fix-string-price,review-empty-category"
Sk9mxcXqfWzE38Kb0Ra7,Cody Large Hanging Shade,Visual Comfort,,,houzz-import,MBR & Bath,MBR & Bath,,$2842.94,2842.94,fix-string-price+review-empty-category,"fix-string-price,review-empty-category"
Sks8FBZaMKELbQvMOOA6,Kent Strié ,no vendor,,21301595,houzz-import,Guest 4,Guest 4,,,,review-empty-category,review-empty-category
SvPqCZ4kRLWkx19Hl9be,LE1050 Sendal,Hartmann & Forbes,,,houzz-import,Windows,Windows,,,,review-empty-category,review-empty-category
T9mr0HHNPcXc3fZv3bSw,Bikkia,McLaurin & Piercy,,NO. MP79,houzz-import,Guest 2,Guest 2,,,,review-empty-category,review-empty-category
UiWdrMKWa3SaJHFrbmC3,LE1109 Selatan,Hartmann & Forbes,,,houzz-import,Windows,Windows,,,,review-empty-category,review-empty-category
VK8ROmMxrS3FnVGXoVqy,Echo Sconce,Hubbardton Forge,,Base Item #204320,houzz-import,Consessions,Consessions,,$2171.40,2171.4,fix-string-price+review-empty-category,"fix-string-price,review-empty-category"
Vo4kXf7bRJihwacuSkJn,NEVA Chair,SixPenny,,,houzz-import,Game room,Game room,,,,review-empty-category,review-empty-category
VpGfNxclyqAgsORsYKeo,Reed Double Sconce,Visual Comfort,,TOB 2126HAB-L,houzz-import,MBR & Bath,MBR & Bath,,$1132.38,1132.38,fix-string-price+review-empty-category,"fix-string-price,review-empty-category"
W6hUkb4a7KWOfuGZpMfI,Dash Mineral,McLaurin & Piercy,,,houzz-import,Guest 4,Guest 4,,,,review-empty-category,review-empty-category
WcEgFx6Higp7VgEMA38E,Leather strapped drum chandelier,Elu,,,houzz-import,Game room,Game room,,,,review-empty-category,review-empty-category
WmU0NMSGTyuTtH5zCGW3,LE1703 Wrafton,Hartmann & Forbes,,,houzz-import,Windows,Windows,,,,review-empty-category,review-empty-category
XJZTOs0sSFZXlDb3lroO,SPJ-MSL-2BK-12,SPJ Lighting Inc.,,,houzz-import,Exterior,Exterior,,,,review-empty-category,review-empty-category
XflR4dXliXWAkVqSN34f,Barrett,Visual Comfort,,,houzz-import,Guest 4,Guest 4,,$1460.88,1460.88,fix-string-price+review-empty-category,"fix-string-price,review-empty-category"
XhBdtfvtnsjUMwtvjVto,"Barrett 24"" Picture Light",Visual Comfort,,RL2724,houzz-import,MBR & Bath,MBR & Bath,,$2981.74,2981.74,fix-string-price+review-empty-category,"fix-string-price,review-empty-category"
YETIvsOBNSNsA8428sgO,Alaster Articulating Wall Light,Visual Comfort,,RL 2170PN/BKE,houzz-import,office,office,,$4546.75,4546.75,fix-string-price+review-empty-category,"fix-string-price,review-empty-category"
YzogFug1I5onRc85eTYX,New Town Large Sconce,Hubbardton Forge,,,houzz-import,Bar,Bar,,$2895.20,2895.2,fix-string-price+review-empty-category,"fix-string-price,review-empty-category"
Z48o0DnHyUQlKnJqOpZW,Dorchester Double Backplate Swimg Arm,Circa Lighting ,,CHD5102,houzz-import,Guest 4,Guest 4,,$1618.38,1618.38,fix-string-price+review-empty-category,"fix-string-price,review-empty-category"
Z7ALHse3D1NyDbncotbu,Linear Lantern Chandelier,Elu,,,houzz-import,MBR & Bath,MBR & Bath,,$7397.50,7397.5,fix-string-price+review-empty-category,"fix-string-price,review-empty-category"
Zt1g82xHyFpvFAiQJZCc,Naomi Volcano,Stroheim,,,houzz-import,Guest 3,Guest 3,,$109.35,109.35,fix-string-price+review-empty-category,"fix-string-price,review-empty-category"
a-customizable-swing-arm-sconce-featurin,"A customizable swing-arm sconce featuring our Grain Drum 14""",,,,houzz-import,,,,,,review-empty-category,review-empty-category
aZ58wylL72bTUHKoWtbx,ERDDIG DOUBLE ARM,Urban Electric,,,houzz-import,Hall,Hall,,$8329.50,8329.5,fix-string-price+review-empty-category,"fix-string-price,review-empty-category"
alouette-chandelier,Alouette Chandelier,,,,houzz-import,,,,,,review-empty-category,review-empty-category
antasia-double-glass-1-light-sconce,Antasia Double Glass 1 Light Sconce,,,,houzz-import,,,,,,review-empty-category,review-empty-category
aperture-sconce,Aperture Sconce,,,,houzz-import,,,,,,review-empty-category,review-empty-category
appliance-plumbing-santori-requests,Appliance /Plumbing Santori requests,,,,houzz-import,,,,,,review-empty-category,review-empty-category
available-in-natural-brass-rl-5162nb-l-visual-comfort,Available in Natural Brass RL 5162NB-L,Visual Comfort,,RL 5162PN-L,houzz-import,Guest 3,Guest 3,,,,review-empty-category,review-empty-category
bNoGfpEVjsiNfQZgwpYp,Kennebunkport Cocktail Table,Somerset Bay,,SB056,houzz-import,Guest 4,Guest 4,,$1844.78,1844.78,fix-string-price+review-empty-category,"fix-string-price,review-empty-category"
bTe7zlJYzpF64v48Qe1U,Manhattan,Concretti,,,houzz-import,Powder 1,Powder 1,,$579.99,579.99,fix-string-price+review-empty-category,"fix-string-price,review-empty-category"
bc0LoSxuNyGjTzwDEKoH,Midewin,McLaurin & Piercy,,,houzz-import,Guest 4,Guest 4,,,,review-empty-category,review-empty-category
belfair-large-double-sconce,Belfair Large Double Sconce,,,,houzz-import,,,,,,review-empty-category,review-empty-category
black-forest-ebony-somerset-bay,"Black Forest, Ebony",Somerset Bay,,SB012,houzz-import,Guest 2,Guest 2,,,,review-empty-category,review-empty-category
black-forest-or-ebony-somerset-bay,Black Forest or Ebony,Somerset Bay,,SB056,houzz-import,Guest 4,Guest 4,,,,review-empty-category,review-empty-category
block-leg-coffee-table-made-from-reclaim,Block Leg Coffee Table made from Reclaimed Pine,,,,houzz-import,,,,,,review-empty-category,review-empty-category
bouy-glass-pendant,Bouy Glass Pendant,,,,houzz-import,,,,,,review-empty-category,review-empty-category
bouy-parchment-pendant,Bouy Parchment Pendant,,,,houzz-import,,,,,,review-empty-category,review-empty-category
bryant-sconce,Bryant Sconce,,,,houzz-import,,,,,,review-empty-category,review-empty-category
bulb-qty-1-regina-andrews,Bulb Qty: 1,Regina Andrews,,Item: 16-1219WT,houzz-import,Guest 3,Guest 3,,,,review-empty-category,review-empty-category
bx72QE0oXBU8PaYg5T20,F&T - Napaoli vintage,Libeco,,,houzz-import,Guest 3,Guest 3,,$93.42,93.42,fix-string-price+review-empty-category,"fix-string-price,review-empty-category"
cXQxfoqyS3SfqGEgpEu6,Leather strapped double sconce,Elu,,,houzz-import,Hall L2,Hall L2,,,,review-empty-category,review-empty-category
cZ6WandTPwKVIQUkM4YC,Danbury Hanging Pendant Large,Remains Lighting Company,,,houzz-import,Butler Pantry,Butler Pantry,,$2510.00,2510,fix-string-price+review-empty-category,"fix-string-price,review-empty-category"
candle-cup-and-long-decorative-stem-pl,"candle cup and long, decorative stem. Place this elegant sconce",,,,houzz-import,,,,,,review-empty-category,review-empty-category
cannes-pendant,Cannes Pendant,,,,houzz-import,,,,,,review-empty-category,review-empty-category
carson-rod-pendant-12-width,"Carson Rod Pendant, 12"" Width",,,,houzz-import,,,,,,review-empty-category,review-empty-category
carson-sconce-12-width,"Carson Sconce, 12"" Width",,,,houzz-import,,,,,,review-empty-category,review-empty-category
chainmail-pendant,Chainmail Pendant,,,,houzz-import,,,,,,review-empty-category,review-empty-category
characterized-by-clean-lines-and-crisp-a,"Characterized by clean lines and crisp angles, our sconce from",,,,houzz-import,,,,,,review-empty-category,review-empty-category
cmiDvQVZs7eEYhEFunAs,Flea Market Lantern,Visual Comfort,,SK 2301AZ,houzz-import,Hall L2,Hall L2,,$3785.94,3785.94,fix-string-price+review-empty-category,"fix-string-price,review-empty-category"
consessions-visual-comfort,Consessions,Visual Comfort,,RL 5060BZ-WG,houzz-import,,,,,,review-empty-category,review-empty-category
cord-cover-included-requires-smaller-o-visual-comfort,Cord Cover Included | Requires Smaller Outlet Box,Visual Comfort,,PT 2000BZ-S,houzz-import,Guest 4,Guest 4,,,,review-empty-category,review-empty-category
crafted-of-open-weave-burlap-over-coordi,Crafted of open-weave burlap over coordinating fabric and a,,,,houzz-import,,,,,,review-empty-category,review-empty-category
custom-built-to-order-this-oak-farm-ta-1st-dibs,"Custom built to order.. This oak farm table is seen here in 132"" x",1st Dibs,,,houzz-import,Dining Room,Dining Room,,,,review-empty-category,review-empty-category
d6sVqRDayRwhxaoL11fH,Hudson Swing Arm,Circa Lighting ,,,houzz-import,MBR & Bath,MBR & Bath,,$809.19,809.19,fix-string-price+review-empty-category,"fix-string-price,review-empty-category"
dUGmbzNHIcRIP83iGmN3,Bryant Sconce,Visual Comfort,,,houzz-import,Guest 4,Guest 4,,$484.38,484.38,fix-string-price+review-empty-category,"fix-string-price,review-empty-category"
denim-black-drum-pendant,Denim Black drum Pendant,,,,houzz-import,,,,,,review-empty-category,review-empty-category
dfbqG3cBehKMNusFwh9V,Leather wall Sconce,Elu,,,houzz-import,Hall L2,Hall L2,,,,review-empty-category,review-empty-category
dhoUAw6Sd0fMqViNn5Gw,Alouette Chandelier,Arteriors,,,houzz-import,Dining Room,Dining Room,,$27135.00,27135,fix-string-price+review-empty-category,"fix-string-price,review-empty-category"
double-chandelier,Double Chandelier,,,,houzz-import,,,,,,review-empty-category,review-empty-category
double-sconce,Double sconce,,,,houzz-import,,,,,,review-empty-category,review-empty-category
double-sconce-bronze-finish,"Double sconce, Bronze finish",,,,houzz-import,,,,,,review-empty-category,review-empty-category
dresser-long-glass-rod-light,Dresser Long Glass Rod Light,,,,houzz-import,,,,,,review-empty-category,review-empty-category
drum-pendant,Drum Pendant,,,,houzz-import,,,,,,review-empty-category,review-empty-category
echo-sconce,Echo Sconce,,,,houzz-import,,,,,,review-empty-category,review-empty-category
elkins-double-sconce,Elkins Double Sconce,,,,houzz-import,,,,,,review-empty-category,review-empty-category
eloise-ceramic-pendant,Eloise Ceramic Pendant,,,,houzz-import,,,,,,review-empty-category,review-empty-category
eloise-ceramic-sconce,Eloise Ceramic Sconce,,,,houzz-import,,,,,,review-empty-category,review-empty-category
elsa-farm-table-in-white-oak-built-to-o,"Elsa Farm Table in White Oak, Built to Order by Petersen",,,,houzz-import,,,,,,review-empty-category,review-empty-category
eoG4ivM9yoYt0Uk8latT,Avalon Gooseneck,Barn Electric,,,houzz-import,Powder 2,Powder 2,,$564.30,564.3,fix-string-price+review-empty-category,"fix-string-price,review-empty-category"
ethos-large-led-sconce,Ethos Large LED Sconce,,,,houzz-import,,,,,,review-empty-category,review-empty-category
exterior-spj-lighting-inc,Exterior,SPJ Lighting Inc.,,SPJ-MSL2-12,houzz-import,,,,,,review-empty-category,review-empty-category
fX9DlplEaq1XfD91R26B,Tapered Vintage Lantern,Elu,,,houzz-import,Kitchen,Kitchen,,$7150.00,7150,fix-string-price+review-empty-category,"fix-string-price,review-empty-category"
fink-pendant,Fink Pendant,,,,houzz-import,,,,,,review-empty-category,review-empty-category
fisher-sconce-single,Fisher Sconce Single,,,,houzz-import,,,,,,review-empty-category,review-empty-category
fjbAePKwdjLOZmUuiQkG,Klara Coffee Table made from Reclaimed Pine,1st Dibs,,,houzz-import,Great Room,Great Room,,$9000.00,9000,fix-string-price+review-empty-category,"fix-string-price,review-empty-category"
fo6wuIixzp5l6BqPd6nX,Sonoma Storage Cabinet w/ Baskets,Bramble,,26911,houzz-import,Craft Room,Craft Room,,$3098.25,3098.25,fix-string-price+review-empty-category,"fix-string-price,review-empty-category"
folio-rl-fabric-maintenance,Folio RL fabric maintenance,,,,houzz-import,,,,,,review-empty-category,review-empty-category
forge,Forge,,,Base Item #303003,houzz-import,,,,,,review-empty-category,review-empty-category
frink-style-mirrored-reflector-footlight,Frink Style Mirrored Reflector Footlight Sconce,,,,houzz-import,,,,,,review-empty-category,review-empty-category
fvHjX5pvOCUJqJBbQR5P,04135 Navy,Trend,,,houzz-import,Guest 2,Guest 2,,$72.22,72.22,fix-string-price+review-empty-category,"fix-string-price,review-empty-category"
gEvSAj565FJKcaAsKUlI,NEVA,SixPenny,,,houzz-import,Game room,Game room,,$4299.00,4299,fix-string-price+review-empty-category,"fix-string-price,review-empty-category"
gOIWS3Ju1pIQ4CJpb89j,New York,Concretti,,,houzz-import,Powder 3,Powder 3,,$619.99,619.99,fix-string-price+review-empty-category,"fix-string-price,review-empty-category"
game-room-somerset-bay,Game room,Somerset Bay,,SB110,houzz-import,,,,,,review-empty-category,review-empty-category
game-room-visual-comfort,Game room,Visual Comfort,,TOB 2023HAB/BZ,houzz-import,,,,,,review-empty-category,review-empty-category
glass-and-the-crown-is-antiqued-brass-an-early-electrics,glass and the crown is antiqued brass and steel.,Early Electrics,,883847524562,houzz-import,Powder 3,Powder 3,,,,review-empty-category,review-empty-category
grain-drum-sconce,Grain Drum Sconce,,,,houzz-import,,,,,,review-empty-category,review-empty-category
hK3IULBRSDsEW2FfcFW5,Standen Stripe Linen,no vendor,,FRL5233-01S,houzz-import,Fabrics,Fabrics,,,,review-empty-category,review-empty-category
hUUU6AJHLv6OFlhLanqf,"Touro Smart 60"" LED Ceiling Fan",Visual Comfort,,3TOSM60BBSD,houzz-import,MBR & Bath,MBR & Bath,,$569.50,569.5,fix-string-price+review-empty-category,"fix-string-price,review-empty-category"
hall-l2-visual-comfort,Hall L2,Visual Comfort,,SK 2301AZ,houzz-import,,,,,,review-empty-category,review-empty-category
hardware,Hardware,,,,houzz-import,,,,,,review-empty-category,review-empty-category
hardware-the-glass-is-a-nice-frosted-an,hardware. The glass is a nice frosted and ribbed glass dome. Our,,,,houzz-import,,,,,,review-empty-category,review-empty-category
hazel-sconce,Hazel Sconce,,,,houzz-import,,,,,,review-empty-category,review-empty-category
henry-large-glass-shade-sconce,Henry Large Glass Shade Sconce,,,,houzz-import,,,,,,review-empty-category,review-empty-category
hexagon-lantern-elu,Hexagon Lantern,Elu,,,houzz-import,Entry,Entry,,,,review-empty-category,review-empty-category
hgwqB3oxgWWCiBeKbvMw,5313 DRINA-THUNDER,Pindler & Pindler,,,houzz-import,Great Room,Great Room,,$74.18,74.18,fix-string-price+review-empty-category,"fix-string-price,review-empty-category"
hoFiQoaAq8OcRdFp3Uqn,CLOVER HANG,Urban Electric,,,houzz-import,Guest 2,Guest 2,,$7436.25,7436.25,fix-string-price+review-empty-category,"fix-string-price,review-empty-category"
iIHWYShSuV1qiKsPWhHH,Falmouth Chest,Somerset Bay,,SB012,houzz-import,Guest 2,Guest 2,,$3547.80,3547.8,fix-string-price+review-empty-category,"fix-string-price,review-empty-category"
iTGqIj3cdJFBfl0bX50O,Garden Stripe,Zimmer & Rhodes,,,houzz-import,Guest 4,Guest 4,,,,review-empty-category,review-empty-category
in-a-powder-room-entryway-or-on-either,"in a powder room, entryway, or on either side of a bed for gentle,",,,,houzz-import,,,,,,review-empty-category,review-empty-category
iyGsGbqw4ZxoWhKcC4m4,DOUBLEBROOK PLAID Midnight RALPH LAUREN,Designers Guild (USA) Inc.,,FRL5242,houzz-import,,,,,,review-empty-category,review-empty-category
iyRPuJqBbbbw0885UgZV,The Z5 Black Bamboo CC Pendant,Global LIghting,,905-101-1-CC,houzz-import,Guest 4,Guest 4,,$808.50,808.5,fix-string-price+review-empty-category,"fix-string-price,review-empty-category"
jonah-alabaster-sconce,Jonah Alabaster Sconce,,,,houzz-import,,,,,,review-empty-category,review-empty-category
kennebunkport-cocktail-table,Kennebunkport Cocktail Table,,,,houzz-import,,,,,,review-empty-category,review-empty-category
klara-coffee-table-made-from-reclaimed-p,Klara Coffee Table made from Reclaimed Pine,,,,houzz-import,,,,,,review-empty-category,review-empty-category
lOmoDS08BBGmtwcKMAOm,Summit Sconce,Hubbardton Forge,,Base Item #202045,houzz-import,Hall,Hall,,$4738.80,4738.8,fix-string-price+review-empty-category,"fix-string-price,review-empty-category"
lW9cOtC4cq47BtvWp7w4,ANTIQUE INSPIRED 30″ HIGH BACK FARM SINK CAST IRON,Watermark Fixtures,,,houzz-import,Pool Bath,Pool Bath,,$2500.00,2500,fix-string-price+review-empty-category,"fix-string-price,review-empty-category"
lack-forest-ebony-vanilla-bean-somerset-bay,"lack Forest, Ebony, Vanilla Bean",Somerset Bay,,SB061-B,houzz-import,Guest 4,Guest 4,,,,review-empty-category,review-empty-category
lamp-source-incandescent,Lamp Source: Incandescent,,,,houzz-import,,,,,,review-empty-category,review-empty-category
laramie-stem-pendant-light,LARAMIE STEM PENDANT LIGHT,,,,houzz-import,,,,,,review-empty-category,review-empty-category
large-rec-glass-lantern-sconce,Large Rec Glass Lantern sconce,,,,houzz-import,,,,,,review-empty-category,review-empty-category
leather-strapped-double-sconce,Leather strapped double sconce,,,,houzz-import,,,,,,review-empty-category,review-empty-category
leather-strapped-drum-chandelier,Leather strapped drum chandelier,,,,houzz-import,,,,,,review-empty-category,review-empty-category
leather-strapped-single-sconce,Leather strapped Single sconce,,,,houzz-import,,,,,,review-empty-category,review-empty-category
leather-wall-sconce,Leather wall Sconce,,,,houzz-import,,,,,,review-empty-category,review-empty-category
locations-and-intended-for-interior-use-arteriors,locations and intended for interior use.,Arteriors,,44753,houzz-import,Guest 2,Guest 2,,,,review-empty-category,review-empty-category
looked-for-tile-rolling-hills-and-soco,"looked for tile, rolling hills and soco",,,,houzz-import,,,,,,review-empty-category,review-empty-category
m-tier-sconce,MÉTIER SCONCE,,,,houzz-import,,,,,,review-empty-category,review-empty-category
mDnwJNRr0fQ1p8NsDaC7,HIGHLAND CHECK - INDIGO,KRAVET,,FD314.H10.0,houzz-import,Guest 4,Guest 4,,$312.86,312.86,fix-string-price+review-empty-category,"fix-string-price,review-empty-category"
mVi0FxaKNxMKFhUOARXA,"38"" SInk & SPlash",Soapstone Sinks,,,houzz-import,Butler Pantry,Butler Pantry,,$2084.50,2084.5,fix-string-price+review-empty-category,"fix-string-price,review-empty-category"
machine-inspired-sconce-with-high-functi,machine-inspired sconce with high functionality. Featuring a,,,,houzz-import,,,,,,review-empty-category,review-empty-category
made-solid-brass-ceiling-lamp-suitable-f,"made solid brass ceiling lamp suitable for interior or in a porch,",,,,houzz-import,,,,,,review-empty-category,review-empty-category
massive-vintage-oak-farm-table-custom-m,"Massive Vintage Oak Farm Table, Custom Made by Petersen",,,,houzz-import,,,,,,review-empty-category,review-empty-category
master-bath-tub-locations-slab-tile,Master bath tub locations & slab & tile materials for,,,,houzz-import,,,,,,review-empty-category,review-empty-category
material-samples-flooring-tile,Material samples/Flooring/Tile,,,,houzz-import,,,,,,review-empty-category,review-empty-category
mbr-bath-arteriors,MBR & Bath,Arteriors,,DK42043,houzz-import,,,,,,review-empty-category,review-empty-category
metalwork-adds-a-stylish-quality-to-a-th,metalwork adds a stylish quality to a thoroughly modern sconce.,,,,houzz-import,,,,,,review-empty-category,review-empty-category
milk-glass-bath-sconce,Milk Glass Bath Sconce,,,,houzz-import,,,,,,review-empty-category,review-empty-category
mini-drum-pendant,Mini Drum Pendant,,,,houzz-import,,,,,,review-empty-category,review-empty-category
mission-tile-west-tile-inspirations,Mission Tile West / Tile inspirations,,,,houzz-import,,,,,,review-empty-category,review-empty-category
moP6rK6H4x8wvVsYB3jV,Bowery,Hudson Valley Lighting,,3722-AOB,houzz-import,Powder 1,Powder 1,,$1663.20,1663.2,fix-string-price+review-empty-category,"fix-string-price,review-empty-category"
n7tZ82CLVmwYRdLXDC8x,Saratoga Small Pendant,Hubbardton Forge,,Base Item #104070,houzz-import,Hall L2,Hall L2,,$4481.40,4481.4,fix-string-price+review-empty-category,"fix-string-price,review-empty-category"
nG7P1hkeyhfBubDxxUh0,Salon Sconce Large,Regina Andrews,,Item: 15-1188ORB,houzz-import,Guest 3,Guest 3,,$597.38,597.38,fix-string-price+review-empty-category,"fix-string-price,review-empty-category"
nYKxEOVBgJmZY63ZZoA7,Country I Pendant,Il Fanale,,,houzz-import,Butler Pantry,Butler Pantry,,$2970.00,2970,fix-string-price+review-empty-category,"fix-string-price,review-empty-category"
new-town-sconce,New Town Sconce,,,,houzz-import,,,,,,review-empty-category,review-empty-category
nkgSUgXd8cDcObQnHBpm,Grain Drum Sconce,Ravenhill Studio,,,houzz-import,MBR & Bath,MBR & Bath,,$3280.00,3280,fix-string-price+review-empty-category,"fix-string-price,review-empty-category"
nnzyCE3HgShIespkp9y8,Mini Drum Pendant,Elu,,,houzz-import,Hall L2,Hall L2,,,,review-empty-category,review-empty-category
nx6Tth76sQWta7PKeW2v,Classic Collection CL758C Runner,Safavieh,,CL758C,houzz-import,,,,,,review-empty-category,review-empty-category
nzz5Vd5m18FSz3EQ4n0R,5313 Drina Dusk,Pindler & Pindler,,,houzz-import,Guest 2,Guest 2,,$74.18,74.18,fix-string-price+review-empty-category,"fix-string-price,review-empty-category"
o2QwTbU3yUfpJSYIbEyd,Modern Small Lantern,Visual Comfort,,,houzz-import,MBR & Bath,MBR & Bath,,$2030.44,2030.44,fix-string-price+review-empty-category,"fix-string-price,review-empty-category"
oIVJS45KZ8sb3sJ7oBai,La Jolla Stripe 05,Fabricut,,,houzz-import,Guest 2,Guest 2,,$61.43,61.43,fix-string-price+review-empty-category,"fix-string-price,review-empty-category"
of-a-kind-sconce-will-create-a-diffused,of-a-kind sconce will create a diffused glow in a hallway or,,,,houzz-import,,,,,,review-empty-category,review-empty-category
ondrian-2-light-sconce-hubbardton,Ondrian 2 Light Sconce,Hubbardton,,,houzz-import,Powder 3,Powder 3,,,,review-empty-category,review-empty-category
over-a-powder-room-mirror-finish-will-v,over a powder room mirror. Finish will vary. Certified for damp,,,,houzz-import,,,,,,review-empty-category,review-empty-category
pRNEuMySs4roSb1VipFs,CAMPION,Urban Electric,,,houzz-import,Wine Cellar,Wine Cellar,,$9366.30,9366.3,fix-string-price+review-empty-category,"fix-string-price,review-empty-category"
pgsXSsb9BE3S10i1G9sU,Vela Sconce,Hubbardton Forge,,Base Item #203330,houzz-import,Guest 3,Guest 3,,$787.60,787.6,fix-string-price+review-empty-category,"fix-string-price,review-empty-category"
piaf-large-tail-sconce,Piaf Large Tail Sconce,,,,houzz-import,,,,,,review-empty-category,review-empty-category
piatto-medium-pendant,Piatto Medium Pendant,,,,houzz-import,,,,,,review-empty-category,review-empty-category
plumbing,plumbing,,,,houzz-import,,,,15647.39,15647.39,review-empty-category,review-empty-category
polished-but-never-pretentious-the-bras,"Polished but never pretentious, the brass Mac pendant has",,,,houzz-import,,,,,,review-empty-category,review-empty-category
product-name-z5-black-bamboo-cc-pendant,Product Name Z5 Black Bamboo CC Pendant Manufacturer Ay,,,,houzz-import,,,,,,review-empty-category,review-empty-category
proportions-are-perfectly-balanced-a-fa,proportions are perfectly balanced. A fabric shade delicately,,,,houzz-import,,,,,,review-empty-category,review-empty-category
qKny00wjql78pqYQuvWQ,HOUE,Urban Electric,,,houzz-import,Hall,Hall,,$3315.60,3315.6,fix-string-price+review-empty-category,"fix-string-price,review-empty-category"
qgbqc3sBjT4EVgMkcuCo,7334 DELUXE-TUSK,Pindler & Pindler,,,houzz-import,Kitchen,Kitchen,,$174.35,174.35,fix-string-price+review-empty-category,"fix-string-price,review-empty-category"
qzKrVn1EzNP0xzwhqLdF,CHAMPEAUX PIVOTING FLUSHMOUNT,Restoration Hardware,,,houzz-import,Wine Cellar,Wine Cellar,,$2160.00,2160,fix-string-price+review-empty-category,"fix-string-price,review-empty-category"
r0EtotbZ6PVGxRR51Iih,Bouy Glass Pendant,Elu,,,houzz-import,Hall L2,Hall L2,,,,review-empty-category,review-empty-category
rUhBDUMs7Y4MTybmUZXL,Saratoga Sconce,Hubbardton Forge,,Base Item #204070,houzz-import,Hall L2,Hall L2,,$3775.20,3775.2,fix-string-price+review-empty-category,"fix-string-price,review-empty-category"
rdDIqG5Mq8RxvdMqHVbN,ARIA Grande Ottoman,SixPenny,,,houzz-import,Game room,Game room,,$1099.00,1099,fix-string-price+review-empty-category,"fix-string-price,review-empty-category"
reed-double-sconce,Reed Double Sconce,,,,houzz-import,,,,,,review-empty-category,review-empty-category
riley-large-ring-chandelier,Riley Large Ring Chandelier,,,,houzz-import,,,,,,review-empty-category,review-empty-category
riley-medium-ring-chandelier,Riley Medium Ring Chandelier,,,,houzz-import,,,,,,review-empty-category,review-empty-category
rl-67-boom-arm-wall-lamp,RL 67 Boom Arm Wall Lamp,,,,houzz-import,,,,,,review-empty-category,review-empty-category
robertson-single-tier-chandelier,Robertson Single Tier Chandelier,,,,houzz-import,,,,,,review-empty-category,review-empty-category
santori-cabinet-questions,Santori cabinet questions,,,,houzz-import,,,,,,review-empty-category,review-empty-category
saratoga-sconce,Saratoga Sconce,,,,houzz-import,,,,,,review-empty-category,review-empty-category
saratoga-small-pendant,Saratoga Small Pendant,,,,houzz-import,,,,,,review-empty-category,review-empty-category
schumacher-fabric-added-to-project,Schumacher fabric added to Project,,,,houzz-import,,,,,,review-empty-category,review-empty-category
sconce-with-a-serene-alabaster-dome-bac,Sconce. With a serene alabaster dome backplate finished in gold,,,,houzz-import,,,,,,review-empty-category,review-empty-category
selecta-long-sconce,Selecta Long Sconce,,,,houzz-import,,,,,,review-empty-category,review-empty-category
shade-details-6-x-10-x-7-circa-lighting,"Shade Details: 6"" x 10"" x 7""",Circa Lighting,,CHD5102,houzz-import,Guest 4,Guest 4,,,,review-empty-category,review-empty-category
sink-faucet-drain-watermark,"Sink, faucet, drain",Watermark,,,houzz-import,Pool Bath,Pool Bath,,,,review-empty-category,review-empty-category
stairs-original-btc,Stairs,Original BTC,,US-,houzz-import,,,,,,review-empty-category,review-empty-category
stairs-regina-andrews,Stairs,Regina Andrews,,Item: 16-1132BI,houzz-import,,,,,,review-empty-category,review-empty-category
styles-such-as-a-coastal-bungalow-to-a-m-regina-andrews,styles such as a coastal bungalow to a modern farmhouse abode.,Regina Andrews,,Item: 15-1124WT,houzz-import,Guest 3,Guest 3,,,,review-empty-category,review-empty-category
summit-sconce,Summit Sconce,,,,houzz-import,,,,,,review-empty-category,review-empty-category
sweep-medium-left-articulating-sconce,Sweep Medium Left Articulating Sconce,,,,houzz-import,,,,,,review-empty-category,review-empty-category
tMfIw0kaXtZ5NbUbvWuK,LOU LOU WALL,Urban Electric,,,houzz-import,Butler Pantry,Butler Pantry,,$4245.00,4245,fix-string-price+review-empty-category,"fix-string-price,review-empty-category"
tTnNlMnJG2Bn8XtbqDCY,Sweep Medium Left Articulating Sconce,Visual Comfort,,,houzz-import,Guest 4,Guest 4,,$1294.38,1294.38,fix-string-price+review-empty-category,"fix-string-price,review-empty-category"
taXoeHnpQPL8SjA0HCOi,Cosette Mirror With Shelf,Pottery Barn,,,houzz-import,Mudroom,Mudroom,,$268.65,268.65,fix-string-price+review-empty-category,"fix-string-price,review-empty-category"
the-jonah-alabaster-sconce-provides-a-wa,The Jonah alabaster sconce provides a warm sophisticated glow,,,,houzz-import,,,,,,review-empty-category,review-empty-category
the-original-stem-pendant-light,THE ORIGINAL™ STEM PENDANT LIGHT,,,,houzz-import,,,,,,review-empty-category,review-empty-category
this-coffee-table-is-seen-here-in-50-x-5,"This coffee table is seen here in 50""x 56"" x 17"" however it can be",,,,houzz-import,,,,,,review-empty-category,review-empty-category
this-coffee-table-is-seen-here-in-62-x,"This coffee table is seen here in 62″ x 48″, but can be ordered",,,,houzz-import,,,,,,review-empty-category,review-empty-category
vPq1rD2NwACvvkmCPjBQ,Corsica mid-weight linen fabric,Libeco,,,houzz-import,Guest 4,Guest 4,,$145.40,145.4,fix-string-price+review-empty-category,"fix-string-price,review-empty-category"
vYaYW9bkBrW34LWvdYTM,Robertson Linear Chandelier,Visual Comfort,,RL 5545NR,houzz-import,Dining Room,Dining Room,,$2807.12,2807.12,fix-string-price+review-empty-category,"fix-string-price,review-empty-category"
vela-sconce,Vela Sconce,,,,houzz-import,,,,,,review-empty-category,review-empty-category
victoria-solid-brass-1-light-ceiling-lam,Victoria Solid Brass 1 Light Ceiling Lamp.† A traditional hand-,,,,houzz-import,,,,,,review-empty-category,review-empty-category
victoria-solid-brass-1-light-pendant,Victoria Solid Brass 1 Light Pendant,,,,houzz-import,,,,,,review-empty-category,review-empty-category
vintage-oak-trestle-table-nicely-distre,Vintage oak trestle table. Nicely distressed with lots of,,,,houzz-import,,,,,,review-empty-category,review-empty-category
vlQimaZH2cvIxyCmxCwy,Holborn Small Lantern,Visual Comfort,,,houzz-import,Guest 4,Guest 4,,$1133.19,1133.19,fix-string-price+review-empty-category,"fix-string-price,review-empty-category"
w8HjySTaCeJKaqBvzFX2,Victoria Solid Brass 1 Light Pendant,Richard Hathaway Lighting,,,houzz-import,Powder 2,Powder 2,,$318.00,318,fix-string-price+review-empty-category,"fix-string-price,review-empty-category"
wToWUs6Xjc4NlgZ72mPq,Demi John Pendant Small,Regina Andrews,,,houzz-import,Butler Pantry,Butler Pantry,,$164.00,164,fix-string-price+review-empty-category,"fix-string-price,review-empty-category"
walker-swing-arm-sconce,Walker Swing Arm Sconce,,,,houzz-import,,,,,,review-empty-category,review-empty-category
walls-floor-ceilings-deign-boards-plum,"Walls,Floor, Ceilings DEign Boards, Plumbing and Tile",,,,houzz-import,,,,,,review-empty-category,review-empty-category
webbed-hexagon-prismatic-sconce,Webbed Hexagon Prismatic Sconce,,,,houzz-import,,,,,,review-empty-category,review-empty-category
weight-39-lbs-visual-comfort,Weight: 39 lbs.,Visual Comfort,,RL 5612NB/NVY-L,houzz-import,Guest 3,Guest 3,,,,review-empty-category,review-empty-category
weight-9-lbs-visual-comfort,Weight: 9 lbs.,Visual Comfort,,TOB 2141HAB-FG,houzz-import,Guest 3,Guest 3,,,,review-empty-category,review-empty-category
workout-visual-comfort,Workout,Visual Comfort,,MGMR52MBKMBK,houzz-import,,,,,,review-empty-category,review-empty-category
x537hSbamiw12lJeXY3Y,Total Performance Round Rug 8',Safavieh,, TLP722A ,houzz-import,,,,,,review-empty-category,review-empty-category
x547sELIKIRVglmzg60F,Linear chandelier,Elu,,,houzz-import,Dining Room,Dining Room,,$7260.00,7260,fix-string-price+review-empty-category,"fix-string-price,review-empty-category"
x84MX4md5F6ppTOPrBWM,Cawdor Stanchion Wall Light,Visual Comfort,,,houzz-import,MBR & Bath,MBR & Bath,,$970.38,970.38,fix-string-price+review-empty-category,"fix-string-price,review-empty-category"
y89NY7go3mk0KI0LdHkt,Dune Stripe,Schumacher,,73290,houzz-import,Great Room,Great Room,,$159.30,159.3,fix-string-price+review-empty-category,"fix-string-price,review-empty-category"
yB9EX0RClzHGzb4noV8V,Darya Swan Neck Wall Sconce,Etsy,,,houzz-import,Mudroom,Mudroom,,$843.44,843.44,fix-string-price+review-empty-category,"fix-string-price,review-empty-category"
yIzpfwL0DzHKS47RqJJR,Mast Light,Original BTC,,US-DP0749/GM/PO,houzz-import,Stairs,Stairs,,$4823.10,4823.1,fix-string-price+review-empty-category,"fix-string-price,review-empty-category"
ySdK4F6rJDuTphrdKV7U,"Petrel 18"" Picture Light",Visual Comfort,,,houzz-import,MBR & Bath,MBR & Bath,,$1294.38,1294.38,fix-string-price+review-empty-category,"fix-string-price,review-empty-category"
ySogpfaGCNfyVtZmE7uc,Cortland,Hudson Valley Lighting,,211-AGB,houzz-import,Guest 4,Guest 4,,$1255.80,1255.8,fix-string-price+review-empty-category,"fix-string-price,review-empty-category"
yT9z5MaHJ8n53T2K7roi,CLASSIC MIRROR CHANDELIER,RTO  Lighting,,,houzz-import,Bar,Bar,,$5387.50,5387.5,fix-string-price+review-empty-category,"fix-string-price,review-empty-category"
ypM9DcuoQYRbbWgfb6PZ,Gloucester Chest,Somerset Bay,,SB103,houzz-import,Guest 3,Guest 3,,$3480.97,3480.97,fix-string-price+review-empty-category,"fix-string-price,review-empty-category"
zvuV1aICwLcdY4P0YLMM,ORLANDO STRIPE,Martyn Lawrence Bullard,,,houzz-import,Guest 2,Guest 2,,,,review-empty-category,review-empty-category