clipDocId,title,vendor,sku,matchedBy,oldHouzzId,newHouzzId,oldImageHost,newImageOnFirebase,action
05umcrfzCP8EKjjhMljy,Lakeview Signature,Flambeaux,,title,,53036494,firebasestorage.googleapis.com,false,houzzId
0FQe1NCPkJMFrbvBLjJH,ARIA Chair,SixPenny,,title,,55273152,s3-us-west-2.amazonaws.com,true,houzzId+imageUrl
0TRFQcYAypg10mBelu1j,Bouy Parchment Pendant,Elu,,title,,54556397,s3-us-west-2.amazonaws.com,true,houzzId+imageUrl
0YnHrjhWldbjURenYyVP,Telal Ceiling Light,Etsy,,title,,54550144,s3-us-west-2.amazonaws.com,true,houzzId+imageUrl
0jcv9p6txEyFHshAAhtj,Manhattan Signature,Flambeaux,,title,,52997126,s3-us-west-2.amazonaws.com,true,houzzId+imageUrl
0mWU79dCq0zuUSManEmG,Elsinore Medium Hanging Lantern,Visual Comfort,,title,,54703434,s3-us-west-2.amazonaws.com,true,houzzId+imageUrl
0wJ7165xSv4GnpyZXuY7,Fisher Sconce Single,Regina Andrews,,title,,54574384,firebasestorage.googleapis.com,false,houzzId
12A5Vh1ALtYKolK7lR0I,Vintage Lantern,Elu,,title,,54545859,s3-us-west-2.amazonaws.com,true,houzzId+imageUrl
1JA9nFfnLji0P3XRx6IT,REX V.1 FLUSH,Urban Electric,,title,,54549683,s3-us-west-2.amazonaws.com,true,houzzId+imageUrl
1PMknCX2cetUlx1wYFhV,Linden Rectangular Pivot Mirror,Pottery Barn,,title,,53037447,s3-us-west-2.amazonaws.com,true,houzzId+imageUrl
1QY6ug0s2EYXlZ5JwMx8,Broomfield Small Hanging Shade,Visual Comfort,,title,,33490758,s3-us-west-2.amazonaws.com,true,houzzId+imageUrl
1QfQNnGEsedKLBbFLH4Y,THE ORIGINAL™ VENTED GOOSENECK LIGHT,Barn Electric,,title,,53041980,s3-us-west-2.amazonaws.com,true,houzzId+imageUrl
1SEDFi5Vx4zzaDk8E9Sq,MAJORELLE - OCEAN,Peter Dunham,131MJR05,sku,,53368714,s3-us-west-2.amazonaws.com,true,houzzId+imageUrl
1dKeZMdzPRxq6MZ2uhvh,Ghostwood Octagonal Dining Table,Western Heritage Furniture,,title,,54853427,s3-us-west-2.amazonaws.com,true,houzzId+imageUrl
23w3bJzv1wi4Kk2kL8DY,Emerson Bell Jar Pendant Small,Regina Andrews,,title,,54575801,s3-us-west-2.amazonaws.com,true,houzzId+imageUrl
2BRHouGcKCWKvy4tTiML,LE3030 Fescue,Hartmann & Forbes,,title,,53389033,s3-us-west-2.amazonaws.com,true,houzzId+imageUrl
2LJcbZiJJtj7Jb0pPJSe,Piaf Large Tail Sconce,Visual Comfort,,title,,54703059,s3-us-west-2.amazonaws.com,true,houzzId+imageUrl
2UwSssFkCPwqApM3Buj7,Black Buoy Pendant,Elu,,title,,54556158,firebasestorage.googleapis.com,false,houzzId
2bMgnRi1p6NtSUcGmLGY,Elkins Double Sconce,Visual Comfort,,title,,54703172,s3-us-west-2.amazonaws.com,true,houzzId+imageUrl
2qC3gXDShR3ILjSAIPOy,THE ORIGINAL™ STEM PENDANT LIGHT,Barn Electric,,title,,53042259,s3-us-west-2.amazonaws.com,true,houzzId+imageUrl
2wHRae5AqAImAlne8odK,DEEG - GREEN ON TAN,Peter Dunham,,title,,53384074,s3-us-west-2.amazonaws.com,true,houzzId+imageUrl
3WiOezb0qTBxyt0VNPC3,Anatolia Round 8' Rug,Safavieh, Anatolia Collection Design: AN521A ,sku,,33498163,,true,houzzId+imageUrl
3eY5yyvLjDVg16Dr6Y5u,BRERA VIALE THYME,Designers Guild (USA) Inc.,,title,,53385500,s3-us-west-2.amazonaws.com,true,houzzId+imageUrl
3gE9Htbbg2Md1felHErE,Parade Stripe,Travers,44210765,sku,,53373754,s3-us-west-2.amazonaws.com,true,houzzId+imageUrl
3zR43iLBcn1nlybVliaT,Aperture Sconce,Hubbardton Forge,Base Item #217510,sku,,54703992,s3-us-west-2.amazonaws.com,true,houzzId+imageUrl
4X1D4R2odPhIu934az8O,"Carson Rod Pendant, 12"" Width",Rejuvination,,title,,54613179,s3-us-west-2.amazonaws.com,true,houzzId+imageUrl
4budmBQQK0WxkpxqHgVw,ALMA - INDIGO,KRAVET,BP10821.2.0,sku,,53373921,s3-us-west-2.amazonaws.com,true,houzzId+imageUrl
5krtiLdiUZntdVCsY7j8,RL 67 Boom Arm Wall Lamp,Circa Lighting ,,title,,33494539,s3-us-west-2.amazonaws.com,true,houzzId+imageUrl
6YKjtivxMO39uvS0HNMh,Milk Glass Bath Sconce,Elu,,title,,54556109,s3-us-west-2.amazonaws.com,true,houzzId+imageUrl
6Z63yoJML4iKWAqPjXsq,Double Chandelier,Elu,,title,,54545340,s3-us-west-2.amazonaws.com,true,houzzId+imageUrl
6aG4kdIdUIXXBwwyBvkf,GABRIEL,SixPenny,,title,,55273121,s3-us-west-2.amazonaws.com,true,houzzId+imageUrl
6bsoGvPiMHQS6ZGJfMVW,Riley Large Ring Chandelier,Visual Comfort,RL 5612NB/NVY-L,sku,,53036844,s3-us-west-2.amazonaws.com,true,houzzId+imageUrl
6ccVHSboTIN6MLYSGWxF,SB061-B Monterey Bureau Bookcase-Base Only,Somerset Bay,SB061-B,sku,,53034584,s3-us-west-2.amazonaws.com,true,houzzId+imageUrl
70kC6PQP3OEIBlelBdHj,JACKSON,Urban Electric,,title,,54549960,s3-us-west-2.amazonaws.com,true,houzzId+imageUrl
7lrRFr7Bt8pRDzCiwXgx,Drum Pendant,Elu,,title,,54721227,s3-us-west-2.amazonaws.com,true,houzzId+imageUrl
80K5wSpbHlH2AzPnmRgZ,Faro - Flax,Libeco,1139-0011,sku,,33497003,s3-us-west-2.amazonaws.com,true,houzzId+imageUrl
8gIBdP3T8KB5TXHMRqvo,Large Cast Brass Arm and Milk Glass Wall Light,Early Electrics ,883812166543,sku,,54657716,s3-us-west-2.amazonaws.com,true,houzzId+imageUrl
8vTqdvGjneGNcgcfpfCq,Custom Soapstone Kitchen Sink,Soapstone Sinks,,title,,52253587,s3-us-west-2.amazonaws.com,true,houzzId+imageUrl
90XTtC5qfZhlUlu2lnjZ,Brantley Lantern,Visual Comfort,,title,,54703346,s3-us-west-2.amazonaws.com,false,houzzId
985Sxg2aqXOD1o8KWTBR,Milk Glass Deco with Clear Crystal Cut Lens Bottom Pendents,Early Electrics ,883847524562,sku,,54657731,s3-us-west-2.amazonaws.com,true,houzzId+imageUrl
9I2yr65L6fopeysWEm1G,Euphrasia Charcoal,Fabricut,,title,,53383627,s3-us-west-2.amazonaws.com,true,houzzId+imageUrl
9h4zka0uul4MFge4lWgp,Stoneleigh Herringbone  Pebble,Folia - Ralph Lauren,,title,,53373269,s3-us-west-2.amazonaws.com,true,houzzId+imageUrl
9v374dIUGboA3DHjTL99,Stowe Wide Frame Square Wall Mirror,Pottery Barn,,title,,53037240,s3-us-west-2.amazonaws.com,true,houzzId+imageUrl
AqmfwcHbHHA8sSqLJWdd,Mason Large Outdoor Ceiling Fixture,Hubbardton Forge,Base Item #363005,sku,,54704294,s3-us-west-2.amazonaws.com,true,houzzId+imageUrl
AuoUiglSi40voBXQk8sD,Blue Gray Enamel Vintage Industrial Brass Clear Glass Sconces Wall Lights,1st Dibs,,title,,53068029,s3-us-west-2.amazonaws.com,true,houzzId+imageUrl
AvwJoPqwQ6kKDnr2Bi1L,Henry Large Glass Shade Sconce,Hubbardton Forge,Base Item #209323,sku,,54600817,s3-us-west-2.amazonaws.com,true,houzzId+imageUrl
B7WAdRw8Hh81yLSC8k5K,"32"" Soapstone sink",Soapstone Sinks,,title,,52253596,s3-us-west-2.amazonaws.com,true,houzzId+imageUrl
B8U5s93j0t9BMrv0bBrq,Classic Collection Round Rug 8',Safavieh, Classic Collection Design: CL324A ,sku,,33498164,s3-us-west-2.amazonaws.com,true,houzzId+imageUrl
BQL2ohkCLhOvDXJuvure,"Aubrey Project Table (58"")",Pottery Barn,,title,,55516612,s3-us-west-2.amazonaws.com,true,houzzId+imageUrl
BadehRA3gaJnpnNKr6rA,MALLEMORT TASK SCONCE,Restoration Hardware,,title,,54609059,s3-us-west-2.amazonaws.com,true,houzzId+imageUrl
C17RweaD6dqqrMn8TyC1,GABRIEL Chair,SixPenny,,title,,55273131,s3-us-west-2.amazonaws.com,true,houzzId+imageUrl
CsU6mK0r9lVXljEwVHqu,Dresser Long Glass Rod Light,Visual Comfort,TOB 2141HAB-FG,sku,,54573708,s3-us-west-2.amazonaws.com,true,houzzId+imageUrl
CxrwOJm7Ki63I2Mmmxj6,Piatto Medium Pendant,Visual Comfort,TOB5115,sku,,54573846,s3-us-west-2.amazonaws.com,true,houzzId+imageUrl
DXHJFNtmLuvoIoHC084S,Ethos Large LED Sconce,Hubbardton Forge,"$1,823.80",sku,,54703898,s3-us-west-2.amazonaws.com,true,houzzId+imageUrl
DaUh2KD28tafNpFhRBtL,ARIA Corner Sectional,SixPenny,,title,,55273197,s3-us-west-2.amazonaws.com,true,houzzId+imageUrl
E1xSXfQCKBkbv0mLQgLv,Antilia,Zimmer & Rhodes,21280685,sku,,53373585,s3-us-west-2.amazonaws.com,true,houzzId+imageUrl
E9rpIEXH6urCZX5qNzZu,Mason Outdoor Ceiling Fixture,Hubbardton Forge,Base Item #363003,sku,,54704273,s3-us-west-2.amazonaws.com,true,houzzId+imageUrl
ECFbWopBvqka3RpqPIib,Retrofit Exposed Pipe Shower Set - Matte Black,Signature Hardware,,title,,52276643,s3-us-west-2.amazonaws.com,true,houzzId+imageUrl
EI9SaUm0GDuRboMVD34L,Large Sq. Lantern,Elu,,title,,54546422,s3-us-west-2.amazonaws.com,true,houzzId+imageUrl
EgZZbs0rppfpijeWtmEp,Block Leg Coffee Table made from Reclaimed Pine,1st Dibs,,title,,53068302,s3-us-west-2.amazonaws.com,true,houzzId+imageUrl
Erlwn8eJzWswiqUm2Vha,Jonah Alabaster Sconce,Regina Andrews,,title,,54574431,s3-us-west-2.amazonaws.com,true,houzzId+imageUrl
FGNXaW0PdiauhhIOqvuk,"Cosmopolitan 30"" Picture Light",Visual Comfort,,title,,54556833,s3-us-west-2.amazonaws.com,true,houzzId+imageUrl
G4wRbC7mHzKtIRMZ8Drl,Agnes Console Table made from Reclaimed Wood by Petersen Antiques,1st Dibs,,title,,53068228,s3-us-west-2.amazonaws.com,true,houzzId+imageUrl
G9Y90gRlm1I6gY0qBJlK,Napoli Vintage,Libeco,,title,,33500555,s3-us-west-2.amazonaws.com,true,houzzId+imageUrl
GA1oqy7lUXq3tUKyJPEJ,Hand-Built Soapstone Sinks,M.Teixeira,,title,,33490326,s3-us-west-2.amazonaws.com,true,houzzId+imageUrl
GDXKBRwl5lmckjqfHv3R,LE2257 Lapis,Hartmann & Forbes,,title,,53388801,s3-us-west-2.amazonaws.com,true,houzzId+imageUrl
GM6CVRB3iR0vqRIOLh1x,Double Drum Shade,Elu,,title,,54556313,s3-us-west-2.amazonaws.com,true,houzzId+imageUrl
GdoxoznDtkxQllDgvdXd,DOUBLEBROOK PLAID,Designers Guild (USA) Inc.,FRL5242-03,sku,,52889845,s3-us-west-2.amazonaws.com,true,houzzId+imageUrl
GuLNrK2mLUaakRA4HPhh,Belfair Large Double Sconce,Visual Comfort,,title,,54703100,s3-us-west-2.amazonaws.com,true,houzzId+imageUrl
GySQG4K7eq96kqEasOK4,METRO,Urban Electric,,title,,33498697,s3-us-west-2.amazonaws.com,true,houzzId+imageUrl
H23fTVhTZd4ebvnd5ZyY,Lauren Collection Runner,Safavieh,LRL1310B Warwick,sku,,33500437,s3-us-west-2.amazonaws.com,true,houzzId+imageUrl
H5BuD32t2YRNaZwGW5qR,Cannes Pendant,Visual Comfort,RL 5060BZ-WG,sku,,54549437,s3-us-west-2.amazonaws.com,true,houzzId+imageUrl
H67cVwPRJiYCFuRy3H7s,Robertson Single Tier Chandelier,Visual Comfort,,title,,54702855,s3-us-west-2.amazonaws.com,true,houzzId+imageUrl
H8AWcjIxQDqQuws6YUnz,Monaco Collection,Safavieh,  MNC243F ,sku,,33498167,s3-us-west-2.amazonaws.com,true,houzzId+imageUrl
HM4pNM9uNL3vgmK7SKgE,Double sconce,Elu,,title,,54545394,s3-us-west-2.amazonaws.com,true,houzzId+imageUrl
I7zaYuSfHP2q41Nn7Pzf,"PACHETEAU TWEED BONE
RALPH LAUREN",no vendor,FRL5044,sku,,52889225,s3-us-west-2.amazonaws.com,true,houzzId+imageUrl
ITzyZyIoFYZWpPxY6U7A,Morris Small Lantern,Visual Comfort,,title,,54703326,s3-us-west-2.amazonaws.com,true,houzzId+imageUrl
IqpHlAAYZLPtOJLOTwfP,"Elsa Farm Table in White Oak, Built to Order by Petersen Antiques",1st Dibs,,title,,53068444,s3-us-west-2.amazonaws.com,true,houzzId+imageUrl
J74YgoX8AwxXv2rguMuB,Buckhead Chest,Somerset Bay,SB041,sku,,33497766,s3-us-west-2.amazonaws.com,true,houzzId+imageUrl
JXFvmlMtv09NplP7QgWs,MAJORELLE - BLACK ON NATURAL,Peter Dunham,131MJR01,sku,,53368712,s3-us-west-2.amazonaws.com,true,houzzId+imageUrl
KOHgmSZtFQ3unABVedZk,Hex Lantern,Elu,,title,,54546670,s3-us-west-2.amazonaws.com,true,houzzId+imageUrl
KSkqNE7D8YCRLjalWvkE,Anatolia AN521A Round 8' Rug,Safavieh,,title,,33498163,,true,houzzId+imageUrl
KWx8sonF5jAxEeIQgBhL,Crisfield Bookshelf,Somerset Bay,SB110,sku,,53034582,s3-us-west-2.amazonaws.com,true,houzzId+imageUrl
KvmlcgUakF8vxeiPwm7O,BRERA STRADA CHAMBRAY,Designers Guild (USA) Inc.,,title,,33496327,s3-us-west-2.amazonaws.com,true,houzzId+imageUrl
KzoJ76hQ2yvaSKEgq5ij,Ceramica,Hudson Valley Lighting,,title,,54657046,s3-us-west-2.amazonaws.com,true,houzzId+imageUrl
LqsIAyEdz8vuXbbEVUC5,ALMA - RED/INDIGO,KRAVET,BP10821.1.0,sku,,53472625,s3-us-west-2.amazonaws.com,true,houzzId+imageUrl
LxBAeUCGURWWOKU3Wdmd,Madison Linen in Sand,KRAVET,32330-1116,sku,,33495770,s3-us-west-2.amazonaws.com,true,houzzId+imageUrl
M0gdtUIoFghnBNA3Rnj8,Amer Celadon Linen,Walter G,,title,,53373847,s3-us-west-2.amazonaws.com,true,houzzId+imageUrl
MCIxO17lpoV8nmOxLgEm,Carrington Small Lantern,Visual Comfort,,title,,54703544,s3-us-west-2.amazonaws.com,true,houzzId+imageUrl
MjgjAQFT11hiboYgOVad,Fink Pendant,Elu,,title,,54556188,s3-us-west-2.amazonaws.com,true,houzzId+imageUrl
Ml0ReGAbiaWhNAzf5eAF,JACKSON - Small,Urban Electric,,title,,53037041,s3-us-west-2.amazonaws.com,true,houzzId+imageUrl
NQ124UUkANwFTcGswB0q,Large Rec Glass Lantern sconce,Elu,,title,,54545585,s3-us-west-2.amazonaws.com,true,houzzId+imageUrl
Nft4a1VHkVaODale3p5M,Pienza - Resist,Legracieux ,,title,,53383529,s3-us-west-2.amazonaws.com,true,houzzId+imageUrl
OEH2z8sB5EVncIeUpP8t,Linear Iron and Brass Chandelier,Elu,,title,,54721710,s3-us-west-2.amazonaws.com,true,houzzId+imageUrl
OLVatzU4Kf0eaY2E8HIC,Walker Swing Arm Sconce,Visual Comfort,,title,,33493558,s3-us-west-2.amazonaws.com,true,houzzId+imageUrl
OMnQKubyKOzufyxDBajF,LUGANO,Coraggio,,title,,52718782,s3-us-west-2.amazonaws.com,true,houzzId+imageUrl
OiZaNLsWwOx1lSgdTnsW,"David 24"" Art Light",Visual Comfort,TOB 2023HAB/BZ,sku,,54550335,s3-us-west-2.amazonaws.com,true,houzzId+imageUrl
P8DaFyTh17tje63V09FS,Denim Black drum Pendant,Elu,,title,,54556358,s3-us-west-2.amazonaws.com,true,houzzId+imageUrl
PURaU4exYSj5bsh6VKbk,"Maverick Coastal 52"" Ceiling Fan",Visual Comfort,MGMR52MBKMBK,sku,,54554937,s3-us-west-2.amazonaws.com,true,houzzId+imageUrl
PxnguaIoZjOqBR7AC2vS,Ondrian 2 Light Sconce,Hubbardton Forge,,title,,33492469,s3-us-west-2.amazonaws.com,true,houzzId+imageUrl
PyuVsbSyy97pm8YEJJeI,Barranca Ocean,Mark Alexander,,title,,53373321,s3-us-west-2.amazonaws.com,true,houzzId+imageUrl
QHMil7hgTxU7o5EDLmIr,MARMARIS | INDOOR,Martyn Lawrence Bullard,,title,,53373843,s3-us-west-2.amazonaws.com,true,houzzId+imageUrl
QJDziR1yxuMrU9xNc1gd,Mason Outdoor Sconce,Hubbardton Forge,Base Item #303003,sku,,54703870,s3-us-west-2.amazonaws.com,true,houzzId+imageUrl
QV0hnuTuKfguasbgDfOR,Imbrie Articulating Sconce,Rejuvination,,title,,54575989,s3-us-west-2.amazonaws.com,true,houzzId+imageUrl
QocDOAWGwhUXLtv4AZvH,Broomfield Large Hanging Shade,Visual Comfort,RL 5162PN-L,sku,,53036573,s3-us-west-2.amazonaws.com,true,houzzId+imageUrl
R2WSS9rt3AkEa6FbLeOY,Solid Mottle,Legracieux ,,title,,33498476,s3-us-west-2.amazonaws.com,true,houzzId+imageUrl
R3bbzsBa3d9LaxcALkIx,NEVA Ottoman,SixPenny,,title,,55273137,s3-us-west-2.amazonaws.com,true,houzzId+imageUrl
RJeWrKD4OBgT1YC3G8kd,Riley Medium Ring Chandelier,Visual Comfort,,title,,54597095,s3-us-west-2.amazonaws.com,true,houzzId+imageUrl
RMrgewfUaPzXy6mJfxjw,LE1053 Silesia,Hartmann & Forbes,,title,,53388693,s3-us-west-2.amazonaws.com,true,houzzId+imageUrl
RQqLrOOhzGnF7prwXiF1,Architect's Swing Arm,Visual Comfort,PT 2000BZ-S,sku,,33494093,s3-us-west-2.amazonaws.com,true,houzzId+imageUrl
RT8L4Iag33TshIbg9uZj,LE1160 Sapi,Hartmann & Forbes,,title,,53388677,s3-us-west-2.amazonaws.com,true,houzzId+imageUrl
RXwePmjJ4azcHOwGYPYX,"Massive Vintage Oak Farm Table, Custom Made by Petersen Antiques",1st Dibs,,title,,53068425,s3-us-west-2.amazonaws.com,true,houzzId+imageUrl
Rl3kNfg7jw0polM66xJb,LARAMIE STEM PENDANT LIGHT,Barn Electric,,title,,53042102,s3-us-west-2.amazonaws.com,true,houzzId+imageUrl
Rx2tY7kGQBC1RIGn1dBH,Classic Collection CL324A Round Rug 8',Safavieh,,title,,33498164,,true,houzzId+imageUrl
Sk9mxcXqfWzE38Kb0Ra7,Cody Large Hanging Shade,Visual Comfort,,title,,54549609,s3-us-west-2.amazonaws.com,true,houzzId+imageUrl
Sks8FBZaMKELbQvMOOA6,Kent Strié ,no vendor,21301595,sku,,53373554,s3-us-west-2.amazonaws.com,true,houzzId+imageUrl
SmUuPzuGCCaa6DqJ4mVc,"Monaco MNC243F Round Rug 6'7""",Safavieh,,title,,33498168,,true,houzzId+imageUrl
SvPqCZ4kRLWkx19Hl9be,LE1050 Sendal,Hartmann & Forbes,,title,,33495608,s3-us-west-2.amazonaws.com,true,houzzId+imageUrl
T9mr0HHNPcXc3fZv3bSw,Bikkia,McLaurin & Piercy,NO. MP79,sku,,53373882,s3-us-west-2.amazonaws.com,true,houzzId+imageUrl
TJzbRhXkBV1xCrKBSzZZ,Flush Leather two tone,Elu,,title,,54556086,s3-us-west-2.amazonaws.com,true,houzzId+imageUrl
UiWdrMKWa3SaJHFrbmC3,LE1109 Selatan,Hartmann & Forbes,,title,,53388673,s3-us-west-2.amazonaws.com,true,houzzId+imageUrl
VDB85yacPeuiFYv4GX3f,3 Shade Semi Flush,Elu,,title,,54556033,firebasestorage.googleapis.com,false,houzzId
VK8ROmMxrS3FnVGXoVqy,Echo Sconce,Hubbardton Forge,Base Item #204320,sku,,54704007,s3-us-west-2.amazonaws.com,true,houzzId+imageUrl
Vo4kXf7bRJihwacuSkJn,NEVA Chair,SixPenny,,title,,55273125,s3-us-west-2.amazonaws.com,true,houzzId+imageUrl
VpGfNxclyqAgsORsYKeo,Reed Double Sconce,Visual Comfort,TOB 2126HAB-L,sku,,54550263,s3-us-west-2.amazonaws.com,true,houzzId+imageUrl
W6hUkb4a7KWOfuGZpMfI,Dash Mineral,McLaurin & Piercy,,title,,53373544,s3-us-west-2.amazonaws.com,true,houzzId+imageUrl
WcEgFx6Higp7VgEMA38E,Leather strapped drum chandelier,Elu,,title,,54721204,s3-us-west-2.amazonaws.com,true,houzzId+imageUrl
WmU0NMSGTyuTtH5zCGW3,LE1703 Wrafton,Hartmann & Forbes,,title,,53388681,s3-us-west-2.amazonaws.com,true,houzzId+imageUrl
XJZTOs0sSFZXlDb3lroO,SPJ-MSL-2BK-12,SPJ Lighting Inc.,,title,,54577289,s3-us-west-2.amazonaws.com,true,houzzId+imageUrl
XflR4dXliXWAkVqSN34f,Barrett,Visual Comfort,,title,,54550479,s3-us-west-2.amazonaws.com,true,houzzId+imageUrl
XhBdtfvtnsjUMwtvjVto,"Barrett 24"" Picture Light",Visual Comfort,RL2724,sku,,54550363,s3-us-west-2.amazonaws.com,true,houzzId+imageUrl
YETIvsOBNSNsA8428sgO,Alaster Articulating Wall Light,Visual Comfort,RL 2170PN/BKE,sku,,53036584,s3-us-west-2.amazonaws.com,true,houzzId+imageUrl
YzogFug1I5onRc85eTYX,New Town Large Sconce,Hubbardton Forge,,title,,54549530,s3-us-west-2.amazonaws.com,true,houzzId+imageUrl
Z48o0DnHyUQlKnJqOpZW,Dorchester Double Backplate Swimg Arm,Circa Lighting ,CHD5102,sku,,33494541,s3-us-west-2.amazonaws.com,true,houzzId+imageUrl
Z7ALHse3D1NyDbncotbu,Linear Lantern Chandelier,Elu,,title,,54546038,s3-us-west-2.amazonaws.com,true,houzzId+imageUrl
Zt1g82xHyFpvFAiQJZCc,Naomi Volcano,Stroheim,,title,,53383592,s3-us-west-2.amazonaws.com,true,houzzId+imageUrl
aZ58wylL72bTUHKoWtbx,ERDDIG DOUBLE ARM,Urban Electric,,title,,54549925,s3-us-west-2.amazonaws.com,true,houzzId+imageUrl
alouette-chandelier,Alouette Chandelier,,,title,,51986389,,true,houzzId+imageUrl
antasia-double-glass-1-light-sconce,Antasia Double Glass 1 Light Sconce,,,title,,52326971,,true,houzzId+imageUrl
aperture-sconce,Aperture Sconce,,,title,,54703992,,true,houzzId+imageUrl
available-in-natural-brass-rl-5162nb-l-visual-comfort,Available in Natural Brass RL 5162NB-L,Visual Comfort,RL 5162PN-L,sku,,53036573,,true,houzzId+imageUrl
bNoGfpEVjsiNfQZgwpYp,Kennebunkport Cocktail Table,Somerset Bay,SB056,sku,,53032493,s3-us-west-2.amazonaws.com,true,houzzId+imageUrl
bTe7zlJYzpF64v48Qe1U,Manhattan,Concretti,,title,,33498350,s3-us-west-2.amazonaws.com,true,houzzId+imageUrl
bc0LoSxuNyGjTzwDEKoH,Midewin,McLaurin & Piercy,,title,,53373648,s3-us-west-2.amazonaws.com,true,houzzId+imageUrl
belfair-large-double-sconce,Belfair Large Double Sconce,,,title,,54703100,,true,houzzId+imageUrl
black-forest-ebony-somerset-bay,"Black Forest, Ebony",Somerset Bay,SB012,sku,,33494807,,true,houzzId+imageUrl
black-forest-or-ebony-somerset-bay,Black Forest or Ebony,Somerset Bay,SB056,sku,,53032493,,true,houzzId+imageUrl
block-leg-coffee-table-made-from-reclaim,Block Leg Coffee Table made from Reclaimed Pine,,,title,,53068302,,true,houzzId+imageUrl
bouy-glass-pendant,Bouy Glass Pendant,,,title,,54556128,,true,houzzId+imageUrl
bouy-parchment-pendant,Bouy Parchment Pendant,,,title,,54556397,,true,houzzId+imageUrl
bryant-sconce,Bryant Sconce,,,title,,33494030,,true,houzzId+imageUrl
bulb-qty-1-regina-andrews,Bulb Qty: 1,Regina Andrews,Item: 16-1219WT,sku,,54656799,,true,houzzId+imageUrl
bx72QE0oXBU8PaYg5T20,F&T - Napaoli vintage,Libeco,,title,,33496647,s3-us-west-2.amazonaws.com,true,houzzId+imageUrl
cXQxfoqyS3SfqGEgpEu6,Leather strapped double sconce,Elu,,title,,54721219,s3-us-west-2.amazonaws.com,true,houzzId+imageUrl
cZ6WandTPwKVIQUkM4YC,Danbury Hanging Pendant Large,Remains Lighting Company,,title,,54656639,s3-us-west-2.amazonaws.com,true,houzzId+imageUrl
cannes-pendant,Cannes Pendant,,,title,,54549437,,true,houzzId+imageUrl
carson-rod-pendant-12-width,"Carson Rod Pendant, 12"" Width",,,title,,54613179,,true,houzzId+imageUrl
carson-sconce-12-width,"Carson Sconce, 12"" Width",,,title,,54613127,,true,houzzId+imageUrl
chainmail-pendant,Chainmail Pendant,,,title,,33497785,,true,houzzId+imageUrl
cmiDvQVZs7eEYhEFunAs,Flea Market Lantern,Visual Comfort,SK 2301AZ,sku,,54657660,s3-us-west-2.amazonaws.com,true,houzzId+imageUrl
consessions-visual-comfort,Consessions,Visual Comfort,RL 5060BZ-WG,sku,,54549437,,true,houzzId+imageUrl
cord-cover-included-requires-smaller-o-visual-comfort,Cord Cover Included | Requires Smaller Outlet Box,Visual Comfort,PT 2000BZ-S,sku,,33494093,,true,houzzId+imageUrl
d6sVqRDayRwhxaoL11fH,Hudson Swing Arm,Circa Lighting ,,title,,33494540,s3-us-west-2.amazonaws.com,true,houzzId+imageUrl
dUGmbzNHIcRIP83iGmN3,Bryant Sconce,Visual Comfort,,title,,33494030,s3-us-west-2.amazonaws.com,true,houzzId+imageUrl
denim-black-drum-pendant,Denim Black drum Pendant,,,title,,54556358,,true,houzzId+imageUrl
dfbqG3cBehKMNusFwh9V,Leather wall Sconce,Elu,,title,,54556015,s3-us-west-2.amazonaws.com,true,houzzId+imageUrl
dhoUAw6Sd0fMqViNn5Gw,Alouette Chandelier,Arteriors,,title,,51986389,s3-us-west-2.amazonaws.com,true,houzzId+imageUrl
double-chandelier,Double Chandelier,,,title,,54545340,,true,houzzId+imageUrl
double-sconce,Double sconce,,,title,,54545394,,true,houzzId+imageUrl
dresser-long-glass-rod-light,Dresser Long Glass Rod Light,,,title,,54573708,,true,houzzId+imageUrl
drum-pendant,Drum Pendant,,,title,,54721227,,true,houzzId+imageUrl
echo-sconce,Echo Sconce,,,title,,54704007,,true,houzzId+imageUrl
elkins-double-sconce,Elkins Double Sconce,,,title,,54703172,,true,houzzId+imageUrl
eloise-ceramic-pendant,Eloise Ceramic Pendant,,,title,,54656799,,true,houzzId+imageUrl
eloise-ceramic-sconce,Eloise Ceramic Sconce,,,title,,54574461,,true,houzzId+imageUrl
eoG4ivM9yoYt0Uk8latT,Avalon Gooseneck,Barn Electric,,title,,53041908,s3-us-west-2.amazonaws.com,true,houzzId+imageUrl
ethos-large-led-sconce,Ethos Large LED Sconce,,,title,,54703898,,true,houzzId+imageUrl
exterior-spj-lighting-inc,Exterior,SPJ Lighting Inc.,SPJ-MSL2-12,sku,,33494013,,true,houzzId+imageUrl
fX9DlplEaq1XfD91R26B,Tapered Vintage Lantern,Elu,,title,,54546070,s3-us-west-2.amazonaws.com,true,houzzId+imageUrl
fink-pendant,Fink Pendant,,,title,,54556188,,true,houzzId+imageUrl
fisher-sconce-single,Fisher Sconce Single,,,title,,54574384,,true,houzzId+imageUrl
fjbAePKwdjLOZmUuiQkG,Klara Coffee Table made from Reclaimed Pine,1st Dibs,,title,,53068320,s3-us-west-2.amazonaws.com,true,houzzId+imageUrl
fo6wuIixzp5l6BqPd6nX,Sonoma Storage Cabinet w/ Baskets,Bramble,26911,sku,,55111619,s3-us-west-2.amazonaws.com,true,houzzId+imageUrl
forge,Forge,,Base Item #303003,sku,,54703870,,true,houzzId+imageUrl
frink-style-mirrored-reflector-footlight,Frink Style Mirrored Reflector Footlight Sconce,,,title,,33494555,,true,houzzId+imageUrl
fvHjX5pvOCUJqJBbQR5P,04135 Navy,Trend,,title,,53373907,s3-us-west-2.amazonaws.com,true,houzzId+imageUrl
gEvSAj565FJKcaAsKUlI,NEVA,SixPenny,,title,,55273115,s3-us-west-2.amazonaws.com,true,houzzId+imageUrl
gOIWS3Ju1pIQ4CJpb89j,New York,Concretti,,title,,33491585,s3-us-west-2.amazonaws.com,true,houzzId+imageUrl
game-room-somerset-bay,Game room,Somerset Bay,SB110,sku,,53034582,,true,houzzId+imageUrl
game-room-visual-comfort,Game room,Visual Comfort,TOB 2023HAB/BZ,sku,,54550335,,true,houzzId+imageUrl
glass-and-the-crown-is-antiqued-brass-an-early-electrics,glass and the crown is antiqued brass and steel.,Early Electrics,883847524562,sku,,54657731,,true,houzzId+imageUrl
grain-drum-sconce,Grain Drum Sconce,,,title,,54677857,,true,houzzId+imageUrl
hK3IULBRSDsEW2FfcFW5,Standen Stripe Linen,no vendor,FRL5233-01S,sku,,52889134,s3-us-west-2.amazonaws.com,true,houzzId+imageUrl
hUUU6AJHLv6OFlhLanqf,"Touro Smart 60"" LED Ceiling Fan",Visual Comfort,3TOSM60BBSD,sku,,54555048,s3-us-west-2.amazonaws.com,true,houzzId+imageUrl
hall-l2-visual-comfort,Hall L2,Visual Comfort,SK 2301AZ,sku,,54657660,,true,houzzId+imageUrl
hardware,Hardware,,,title,,33500670,,false,houzzId
hazel-sconce,Hazel Sconce,,,title,,33493496,,true,houzzId+imageUrl
henry-large-glass-shade-sconce,Henry Large Glass Shade Sconce,,,title,,54600817,,true,houzzId+imageUrl
hgwqB3oxgWWCiBeKbvMw,5313 DRINA-THUNDER,Pindler & Pindler,,title,,53368660,s3-us-west-2.amazonaws.com,true,houzzId+imageUrl
hoFiQoaAq8OcRdFp3Uqn,CLOVER HANG,Urban Electric,,title,,54549492,s3-us-west-2.amazonaws.com,true,houzzId+imageUrl
iIHWYShSuV1qiKsPWhHH,Falmouth Chest,Somerset Bay,SB012,sku,,33494807,s3-us-west-2.amazonaws.com,true,houzzId+imageUrl
iTGqIj3cdJFBfl0bX50O,Garden Stripe,Zimmer & Rhodes,,title,,33497520,s3-us-west-2.amazonaws.com,true,houzzId+imageUrl
iyGsGbqw4ZxoWhKcC4m4,DOUBLEBROOK PLAID Midnight RALPH LAUREN,Designers Guild (USA) Inc.,FRL5242,sku,,52888963,s3-us-west-2.amazonaws.com,false,houzzId
iyRPuJqBbbbw0885UgZV,The Z5 Black Bamboo CC Pendant,Global LIghting,905-101-1-CC,sku,,33494280,s3-us-west-2.amazonaws.com,true,houzzId+imageUrl
jonah-alabaster-sconce,Jonah Alabaster Sconce,,,title,,54574431,,true,houzzId+imageUrl
kennebunkport-cocktail-table,Kennebunkport Cocktail Table,,,title,,53032493,,true,houzzId+imageUrl
klara-coffee-table-made-from-reclaimed-p,Klara Coffee Table made from Reclaimed Pine,,,title,,53068320,,true,houzzId+imageUrl
lOmoDS08BBGmtwcKMAOm,Summit Sconce,Hubbardton Forge,Base Item #202045,sku,,54703858,s3-us-west-2.amazonaws.com,true,houzzId+imageUrl
lW9cOtC4cq47BtvWp7w4,ANTIQUE INSPIRED 30″ HIGH BACK FARM SINK CAST IRON,Watermark Fixtures,,title,,52276787,s3-us-west-2.amazonaws.com,true,houzzId+imageUrl
lack-forest-ebony-vanilla-bean-somerset-bay,"lack Forest, Ebony, Vanilla Bean",Somerset Bay,SB061-B,sku,,53034584,,true,houzzId+imageUrl
laramie-stem-pendant-light,LARAMIE STEM PENDANT LIGHT,,,title,,53042102,,true,houzzId+imageUrl
large-rec-glass-lantern-sconce,Large Rec Glass Lantern sconce,,,title,,54545585,,true,houzzId+imageUrl
leather-strapped-double-sconce,Leather strapped double sconce,,,title,,54721219,,true,houzzId+imageUrl
leather-strapped-drum-chandelier,Leather strapped drum chandelier,,,title,,54721204,,true,houzzId+imageUrl
leather-wall-sconce,Leather wall Sconce,,,title,,54556015,,true,houzzId+imageUrl
locations-and-intended-for-interior-use-arteriors,locations and intended for interior use.,Arteriors,44753,sku,,33493496,,true,houzzId+imageUrl
m-tier-sconce,MÉTIER SCONCE,,,title,,54609101,,true,houzzId+imageUrl
mDnwJNRr0fQ1p8NsDaC7,HIGHLAND CHECK - INDIGO,KRAVET,FD314.H10.0,sku,,53373723,s3-us-west-2.amazonaws.com,true,houzzId+imageUrl
mVi0FxaKNxMKFhUOARXA,"38"" SInk & SPlash",Soapstone Sinks,,title,,52253699,s3-us-west-2.amazonaws.com,true,houzzId+imageUrl
mbr-bath-arteriors,MBR & Bath,Arteriors,DK42043,sku,,33497785,,true,houzzId+imageUrl
milk-glass-bath-sconce,Milk Glass Bath Sconce,,,title,,54556109,,true,houzzId+imageUrl
mini-drum-pendant,Mini Drum Pendant,,,title,,54721232,,true,houzzId+imageUrl
moP6rK6H4x8wvVsYB3jV,Bowery,Hudson Valley Lighting,3722-AOB,sku,,54575905,s3-us-west-2.amazonaws.com,true,houzzId+imageUrl
n7tZ82CLVmwYRdLXDC8x,Saratoga Small Pendant,Hubbardton Forge,Base Item #104070,sku,,33493151,s3-us-west-2.amazonaws.com,true,houzzId+imageUrl
nG7P1hkeyhfBubDxxUh0,Salon Sconce Large,Regina Andrews,Item: 15-1188ORB,sku,,55348629,s3-us-west-2.amazonaws.com,true,houzzId+imageUrl
nYKxEOVBgJmZY63ZZoA7,Country I Pendant,Il Fanale,,title,,54657576,s3-us-west-2.amazonaws.com,true,houzzId+imageUrl
new-town-sconce,New Town Sconce,,,title,,54704025,,true,houzzId+imageUrl
nkgSUgXd8cDcObQnHBpm,Grain Drum Sconce,Ravenhill Studio,,title,,54677857,s3-us-west-2.amazonaws.com,true,houzzId+imageUrl
nnzyCE3HgShIespkp9y8,Mini Drum Pendant,Elu,,title,,54721232,s3-us-west-2.amazonaws.com,true,houzzId+imageUrl
nx6Tth76sQWta7PKeW2v,Classic Collection CL758C Runner,Safavieh,CL758C,sku,,33498162,s3-us-west-2.amazonaws.com,true,houzzId+imageUrl
nzz5Vd5m18FSz3EQ4n0R,5313 Drina Dusk,Pindler & Pindler,,title,,53368658,s3-us-west-2.amazonaws.com,true,houzzId+imageUrl
o2QwTbU3yUfpJSYIbEyd,Modern Small Lantern,Visual Comfort,,title,,54703463,s3-us-west-2.amazonaws.com,true,houzzId+imageUrl
oIVJS45KZ8sb3sJ7oBai,La Jolla Stripe 05,Fabricut,,title,,53373873,s3-us-west-2.amazonaws.com,true,houzzId+imageUrl
ondrian-2-light-sconce-hubbardton,Ondrian 2 Light Sconce,Hubbardton,,title,,33492469,,true,houzzId+imageUrl
pRNEuMySs4roSb1VipFs,CAMPION,Urban Electric,,title,,54550067,s3-us-west-2.amazonaws.com,true,houzzId+imageUrl
pgsXSsb9BE3S10i1G9sU,Vela Sconce,Hubbardton Forge,Base Item #203330,sku,,54704119,s3-us-west-2.amazonaws.com,true,houzzId+imageUrl
piaf-large-tail-sconce,Piaf Large Tail Sconce,,,title,,54703059,,true,houzzId+imageUrl
piatto-medium-pendant,Piatto Medium Pendant,,,title,,54573846,,true,houzzId+imageUrl
plumbing,plumbing,,,title,,33500097,,false,houzzId
qKny00wjql78pqYQuvWQ,HOUE,Urban Electric,,title,,54549785,s3-us-west-2.amazonaws.com,true,houzzId+imageUrl
qgbqc3sBjT4EVgMkcuCo,7334 DELUXE-TUSK,Pindler & Pindler,,title,,53373248,s3-us-west-2.amazonaws.com,true,houzzId+imageUrl
qzKrVn1EzNP0xzwhqLdF,CHAMPEAUX PIVOTING FLUSHMOUNT,Restoration Hardware,,title,,33492746,s3-us-west-2.amazonaws.com,true,houzzId+imageUrl
r0EtotbZ6PVGxRR51Iih,Bouy Glass Pendant,Elu,,title,,54556128,s3-us-west-2.amazonaws.com,true,houzzId+imageUrl
rUhBDUMs7Y4MTybmUZXL,Saratoga Sconce,Hubbardton Forge,Base Item #204070,sku,,54703922,s3-us-west-2.amazonaws.com,true,houzzId+imageUrl
rdDIqG5Mq8RxvdMqHVbN,ARIA Grande Ottoman,SixPenny,,title,,55273145,s3-us-west-2.amazonaws.com,true,houzzId+imageUrl
reed-double-sconce,Reed Double Sconce,,,title,,54550263,,true,houzzId+imageUrl
riley-large-ring-chandelier,Riley Large Ring Chandelier,,,title,,53036844,,true,houzzId+imageUrl
riley-medium-ring-chandelier,Riley Medium Ring Chandelier,,,title,,54597095,,true,houzzId+imageUrl
rl-67-boom-arm-wall-lamp,RL 67 Boom Arm Wall Lamp,,,title,,33494539,,true,houzzId+imageUrl
robertson-single-tier-chandelier,Robertson Single Tier Chandelier,,,title,,54702855,,true,houzzId+imageUrl
saratoga-sconce,Saratoga Sconce,,,title,,54703922,,true,houzzId+imageUrl
saratoga-small-pendant,Saratoga Small Pendant,,,title,,33493151,,true,houzzId+imageUrl
selecta-long-sconce,Selecta Long Sconce,,,title,,54550302,,true,houzzId+imageUrl
shade-details-6-x-10-x-7-circa-lighting,"Shade Details: 6"" x 10"" x 7""",Circa Lighting,CHD5102,sku,,33494541,,true,houzzId+imageUrl
stairs-regina-andrews,Stairs,Regina Andrews,Item: 16-1132BI,sku,,33493900,,false,houzzId
styles-such-as-a-coastal-bungalow-to-a-m-regina-andrews,styles such as a coastal bungalow to a modern farmhouse abode.,Regina Andrews,Item: 15-1124WT,sku,,54574461,,true,houzzId+imageUrl
summit-sconce,Summit Sconce,,,title,,54703858,,true,houzzId+imageUrl
sweep-medium-left-articulating-sconce,Sweep Medium Left Articulating Sconce,,,title,,54550452,,true,houzzId+imageUrl
tMfIw0kaXtZ5NbUbvWuK,LOU LOU WALL,Urban Electric,,title,,54703516,s3-us-west-2.amazonaws.com,true,houzzId+imageUrl
tTnNlMnJG2Bn8XtbqDCY,Sweep Medium Left Articulating Sconce,Visual Comfort,,title,,54550452,s3-us-west-2.amazonaws.com,true,houzzId+imageUrl
taXoeHnpQPL8SjA0HCOi,Cosette Mirror With Shelf,Pottery Barn,,title,,53037290,s3-us-west-2.amazonaws.com,true,houzzId+imageUrl
the-original-stem-pendant-light,THE ORIGINAL™ STEM PENDANT LIGHT,,,title,,53042259,,true,houzzId+imageUrl
vExfu1zz8w90SRqNyNTn,PN Glass dome pendant,Elu,,title,,54556529,firebasestorage.googleapis.com,false,houzzId
vPq1rD2NwACvvkmCPjBQ,Corsica mid-weight linen fabric,Libeco,,title,,33497006,s3-us-west-2.amazonaws.com,true,houzzId+imageUrl
vYaYW9bkBrW34LWvdYTM,Robertson Linear Chandelier,Visual Comfort,RL 5545NR,sku,,54549625,s3-us-west-2.amazonaws.com,true,houzzId+imageUrl
vela-sconce,Vela Sconce,,,title,,54704119,,true,houzzId+imageUrl
victoria-solid-brass-1-light-pendant,Victoria Solid Brass 1 Light Pendant,,,title,,33494170,,true,houzzId+imageUrl
vlQimaZH2cvIxyCmxCwy,Holborn Small Lantern,Visual Comfort,,title,,54703418,s3-us-west-2.amazonaws.com,true,houzzId+imageUrl
w8HjySTaCeJKaqBvzFX2,Victoria Solid Brass 1 Light Pendant,Richard Hathaway Lighting,,title,,33494170,s3-us-west-2.amazonaws.com,true,houzzId+imageUrl
wToWUs6Xjc4NlgZ72mPq,Demi John Pendant Small,Regina Andrews,,title,,54645358,s3-us-west-2.amazonaws.com,true,houzzId+imageUrl
walker-swing-arm-sconce,Walker Swing Arm Sconce,,,title,,33493558,,true,houzzId+imageUrl
webbed-hexagon-prismatic-sconce,Webbed Hexagon Prismatic Sconce,,,title,,33494565,,true,houzzId+imageUrl
weight-39-lbs-visual-comfort,Weight: 39 lbs.,Visual Comfort,RL 5612NB/NVY-L,sku,,53036844,,true,houzzId+imageUrl
weight-9-lbs-visual-comfort,Weight: 9 lbs.,Visual Comfort,TOB 2141HAB-FG,sku,,54573708,,true,houzzId+imageUrl
workout-visual-comfort,Workout,Visual Comfort,MGMR52MBKMBK,sku,,54554937,,true,houzzId+imageUrl
x537hSbamiw12lJeXY3Y,Total Performance Round Rug 8',Safavieh, TLP722A ,sku,,33498064,s3-us-west-2.amazonaws.com,true,houzzId+imageUrl
x547sELIKIRVglmzg60F,Linear chandelier,Elu,,title,,33493946,s3-us-west-2.amazonaws.com,true,houzzId+imageUrl
x84MX4md5F6ppTOPrBWM,Cawdor Stanchion Wall Light,Visual Comfort,,title,,54702988,s3-us-west-2.amazonaws.com,true,houzzId+imageUrl
y89NY7go3mk0KI0LdHkt,Dune Stripe,Schumacher,73290,sku,,53368721,s3-us-west-2.amazonaws.com,true,houzzId+imageUrl
yB9EX0RClzHGzb4noV8V,Darya Swan Neck Wall Sconce,Etsy,,title,,54550227,s3-us-west-2.amazonaws.com,true,houzzId+imageUrl
yIzpfwL0DzHKS47RqJJR,Mast Light,Original BTC,US-DP0749/GM/PO,sku,,54577266,s3-us-west-2.amazonaws.com,true,houzzId+imageUrl
ySdK4F6rJDuTphrdKV7U,"Petrel 18"" Picture Light",Visual Comfort,,title,,54549946,s3-us-west-2.amazonaws.com,true,houzzId+imageUrl
ySogpfaGCNfyVtZmE7uc,Cortland,Hudson Valley Lighting,211-AGB,sku,,54577277,s3-us-west-2.amazonaws.com,true,houzzId+imageUrl
yT9z5MaHJ8n53T2K7roi,CLASSIC MIRROR CHANDELIER,RTO  Lighting,,title,,53036980,s3-us-west-2.amazonaws.com,true,houzzId+imageUrl
ypM9DcuoQYRbbWgfb6PZ,Gloucester Chest,Somerset Bay,SB103,sku,,53034124,s3-us-west-2.amazonaws.com,true,houzzId+imageUrl
zvuV1aICwLcdY4P0YLMM,ORLANDO STRIPE,Martyn Lawrence Bullard,,title,,53374060,s3-us-west-2.amazonaws.com,true,houzzId+imageUrl